product_id,title,category,brand,price,colors,sizes,style_tags,lifestyle_tags,climate_tags,occasion_tags,description,stock_status
P001,Everyday Linen Shirt,top,North Thread,49.99,beige|white|olive,S|M|L|XL,minimal|casual,office|remote-work,warm|mild,casual|work,Breathable linen blend shirt for daily wear and warm commutes.,in_stock
P002,Tailored Stretch Chino,bottom,North Thread,69.0,navy|khaki,30|32|34|36,smart-casual|minimal,office|travel,mild|warm,work|dinner,Clean-cut chino with four-way stretch and wrinkle resistance.,in_stock
P003,Waterproof City Trench,outerwear,Urban Form,139.0,black|stone,S|M|L,minimal|classic,commute|office,rainy|cold,work|formal,Lightweight waterproof trench with removable belt.,in_stock
P004,Performance Jogger,bottom,MoveWell,58.5,black|charcoal,S|M|L|XL,athleisure|sport,gym|errands,mild|warm,casual|active,Moisture-wicking jogger with tapered ankle.,in_stock
P005,Merino Crew Sweater,top,Fjord Loom,95.0,navy|camel,S|M|L|XL,classic|minimal,office|weekend,cold|mild,work|casual,Soft merino crew neck that layers without bulk.,in_stock
P006,Travel Capsule Blazer,outerwear,Axis Studio,149.0,navy|black,S|M|L,smart-casual|classic,business-travel|office,mild|cool,work|dinner,Unstructured blazer with hidden zip pocket and stretch lining.,in_stock
P007,Relaxed Denim Jacket,outerwear,Blue Peak,88.0,indigo|light-wash,S|M|L|XL,casual|street,weekend|travel,mild|cool,casual,Classic denim jacket with relaxed fit and contrast stitching.,in_stock
P008,Cotton Poplin Midi Dress,dress,Luna Vale,79.0,blue|white,XS|S|M|L,minimal|feminine,office|weekend,warm|mild,work|brunch,Crisp poplin midi dress with pockets and tie waist.,in_stock
P009,Recycled Puffer Vest,outerwear,EverField,92.0,black|forest,S|M|L|XL,casual|outdoor,travel|weekend,cold|windy,casual|active,Insulated vest made from recycled fill for cool days.,in_stock
P010,Silk Blend Blouse,top,Atelier Nine,110.0,ivory|sage,XS|S|M|L,elegant|minimal,office|events,mild|warm,formal|work,Fluid silk blend blouse with subtle sheen and drape.,in_stock
P011,Structured Tote Bag,accessory,Atelier Nine,125.0,black|tan,one-size,minimal|classic,office|commute,all-season,work|travel,Medium structured tote with laptop sleeve.,in_stock
P012,Everyday White Sneaker,footwear,MoveWell,74.0,white,7|8|9|10|11,casual|minimal,errands|travel,mild|warm,casual,Comfort insole sneaker for all-day walking.,in_stock
P013,Wool Blend Coat,outerwear,Fjord Loom,210.0,charcoal|camel,S|M|L,classic|elegant,office|events,cold,formal|work,Long wool blend coat with clean lapel silhouette.,in_stock
P014,High-Rise Straight Jean,bottom,Blue Peak,82.0,indigo|black,26|28|30|32,casual|minimal,weekend|office,mild|cool,casual,Structured denim with slight stretch and straight leg.,in_stock
P015,Lightweight Packable Rain Shell,outerwear,EverField,99.0,teal|black,S|M|L|XL,outdoor|sport,travel|hiking,rainy|windy,active|casual,Seam-sealed shell that packs into its own pocket.,in_stock
P016,Ribbed Knit Tank,top,Luna Vale,34.0,black|white|sand,XS|S|M|L,minimal|casual,weekend|vacation,warm,casual,Soft ribbed tank with square neckline.,in_stock
P017,Pleated Wide-Leg Trouser,bottom,Axis Studio,118.0,black|taupe,XS|S|M|L,elegant|smart-casual,office|events,mild|cool,work|formal,Flowing trouser with front pleats and relaxed drape.,in_stock
P018,Chunky Knit Cardigan,top,Fjord Loom,102.0,cream|olive,S|M|L,cozy|casual,remote-work|weekend,cold|mild,casual,Oversized cardigan for layering at home or out.,low_stock
P019,Technical Polo Shirt,top,MoveWell,52.0,navy|white,S|M|L|XL,sport|smart-casual,golf|office,warm|mild,active|casual,Quick-dry polo with clean collar and anti-odor fabric.,in_stock
P020,Block Heel Ankle Boot,footwear,Urban Form,135.0,black|brown,6|7|8|9|10,elegant|classic,office|events,cold|mild,work|formal,Stable block heel boot with cushioned footbed.,in_stock
P021,Silk Wrap Blouse,top,Aster Lane,169.6,black|ivory,S|XL|M|XS,classic|feminine,office|weekend,warm|cool,work|travel,Silk Wrap Blouse designed for office and weekend with a classic and feminine look across warm and cool conditions.,in_stock
P022,Satin Tie Blouse,top,Blue Peak,112.6,taupe|beige,XS|S|M|L|XL,smart-casual|casual,remote-work|commute,warm|cool,travel|work,Satin Tie Blouse designed for remote-work and commute with a smart-casual and casual look across warm and cool conditions.,in_stock
P023,Cropped Poplin Shirt,top,Atelier Nine,214.76,charcoal|taupe|stone,XS|M|L|S|XL,classic|minimal,office|remote-work,mild|warm,casual|work,Cropped Poplin Shirt designed for office and remote-work with a classic and minimal look across mild and warm conditions.,in_stock
P024,Ribbed Mock Neck Top,top,North Thread,143.78,taupe|camel|lavender,XL|S|XS|L,elegant|smart-casual,travel|remote-work,cool|mild,work|travel,Ribbed Mock Neck Top designed for travel and remote-work with a elegant and smart-casual look across cool and mild conditions.,in_stock
P025,Cropped Poplin Shirt,top,Velvet Row,66.46,cream|charcoal|blush,L|XL|XS|S|M,casual|feminine,travel|commute,cool|mild,travel|casual,Cropped Poplin Shirt designed for travel and commute with a casual and feminine look across cool and mild conditions.,in_stock
P026,Cotton Boxy Tee,top,Urban Form,179.46,beige|camel|blush,XL|XS|S|M|L,feminine|smart-casual,travel|office,cool|warm,dinner|travel,Cotton Boxy Tee designed for travel and office with a feminine and smart-casual look across cool and warm conditions.,in_stock
P027,Ribbed Mock Neck Top,top,Urban Form,124.0,taupe|beige|lavender,M|S|XS|L,casual|feminine,travel|office,cool|mild,travel|work,Ribbed Mock Neck Top designed for travel and office with a casual and feminine look across cool and mild conditions.,in_stock
P028,Silk Wrap Blouse,top,North Thread,167.72,taupe|charcoal,XL|S|XS|L,feminine|casual,commute|weekend,warm|cool,dinner|casual,Silk Wrap Blouse designed for commute and weekend with a feminine and casual look across warm and cool conditions.,low_stock
P029,Cotton Boxy Tee,top,Blue Peak,37.49,beige|charcoal|sky,XL|S|M|XS,minimal|classic,office|remote-work,warm|cool,dinner|work,Cotton Boxy Tee designed for office and remote-work with a minimal and classic look across warm and cool conditions.,in_stock
P030,Cropped Poplin Shirt,top,Willow Standard,72.38,taupe|white|lavender,L|S|XS|M|XL,smart-casual|elegant,weekend|travel,cool|warm,work|travel,Cropped Poplin Shirt designed for weekend and travel with a smart-casual and elegant look across cool and warm conditions.,in_stock
P031,Cotton Boxy Tee,top,Verve Line,60.78,camel|black|blush,S|XS|XL|L|M,classic|feminine,office|travel,warm|cool,travel|casual,Cotton Boxy Tee designed for office and travel with a classic and feminine look across warm and cool conditions.,in_stock
P032,Ribbed Mock Neck Top,top,Rose Harbor,80.62,navy|cream|sage,S|XL|L|XS|M,feminine|classic,office|commute,warm|cool,travel|dinner,Ribbed Mock Neck Top designed for office and commute with a feminine and classic look across warm and cool conditions.,low_stock
P033,Silk Wrap Blouse,top,North Thread,156.67,taupe|ivory|sky,L|XS|M|XL,feminine|classic,office|travel,mild|cool,dinner|work,Silk Wrap Blouse designed for office and travel with a feminine and classic look across mild and cool conditions.,in_stock
P034,Ribbed Mock Neck Top,top,Rose Harbor,86.65,cream|charcoal,XS|L|M|XL,minimal|feminine,remote-work|commute,warm|mild,work|travel,Ribbed Mock Neck Top designed for remote-work and commute with a minimal and feminine look across warm and mild conditions.,in_stock
P035,Cropped Poplin Shirt,top,Aster Lane,155.23,beige|charcoal|blush|mustard,XS|S|L|XL|M,classic|feminine,remote-work|commute,mild|warm,dinner|work,Cropped Poplin Shirt designed for remote-work and commute with a classic and feminine look across mild and warm conditions.,in_stock
P036,Ribbed Mock Neck Top,top,Luna Vale,25.69,taupe|cream|blush,M|S|XL|L,feminine|elegant,travel|office,warm|cool,casual|dinner,Ribbed Mock Neck Top designed for travel and office with a feminine and elegant look across warm and cool conditions.,in_stock
P037,Silk Wrap Blouse,top,Sole Muse,65.96,taupe|camel,XS|M|L|S,feminine|casual,remote-work|travel,warm|mild,work|travel,Silk Wrap Blouse designed for remote-work and travel with a feminine and casual look across warm and mild conditions.,in_stock
P038,Cotton Boxy Tee,top,EverField,56.04,taupe|beige,L|XS|S|XL,casual|elegant,commute|travel,warm|cool,work|dinner,Cotton Boxy Tee designed for commute and travel with a casual and elegant look across warm and cool conditions.,in_stock
P039,Ribbed Mock Neck Top,top,Sole Muse,150.09,camel|white|lavender,XL|M|XS|L|S,casual|feminine,commute|office,warm|mild,dinner|travel,Ribbed Mock Neck Top designed for commute and office with a casual and feminine look across warm and mild conditions.,in_stock
P040,Satin Tie Blouse,top,Aster Lane,126.38,beige|cream|pearl,M|L|XS|S,feminine|smart-casual,office|commute,cool|mild,travel|casual,Satin Tie Blouse designed for office and commute with a feminine and smart-casual look across cool and mild conditions.,in_stock
P041,Cotton Boxy Tee,top,Axis Studio,104.18,cream|white|stone|ruby,M|XL|XS|S,feminine|classic,commute|weekend,mild|cool,casual|dinner,Cotton Boxy Tee designed for commute and weekend with a feminine and classic look across mild and cool conditions.,in_stock
P042,Ribbed Mock Neck Top,top,Blue Peak,182.28,cream|black,XS|XL|L|S,feminine|minimal,weekend|travel,cool|warm,travel|casual,Ribbed Mock Neck Top designed for weekend and travel with a feminine and minimal look across cool and warm conditions.,in_stock
P043,Silk Wrap Blouse,top,Verve Line,67.67,charcoal|navy|lavender,XS|S|XL|L|M,elegant|feminine,travel|commute,mild|cool,travel|work,Silk Wrap Blouse designed for travel and commute with a elegant and feminine look across mild and cool conditions.,in_stock
P044,Ribbed Mock Neck Top,top,Willow Standard,147.22,ivory|white|stone,L|XS|M|S|XL,smart-casual|classic,commute|office,warm|cool,casual|travel,Ribbed Mock Neck Top designed for commute and office with a smart-casual and classic look across warm and cool conditions.,in_stock
P045,Satin Tie Blouse,top,Luna Vale,65.33,charcoal|black|pearl,L|XS|M|S|XL,minimal|smart-casual,commute|weekend,mild|warm,travel|work,Satin Tie Blouse designed for commute and weekend with a minimal and smart-casual look across mild and warm conditions.,in_stock
P046,Satin Tie Blouse,top,Fjord Loom,216.24,taupe|camel|pearl,L|XS|XL|S,casual|elegant,remote-work|office,mild|cool,dinner|work,Satin Tie Blouse designed for remote-work and office with a casual and elegant look across mild and cool conditions.,in_stock
P047,Silk Wrap Blouse,top,Willow Standard,28.78,white|ivory|sand,M|S|XL|XS,classic|minimal,office|remote-work,warm|cool,casual|work,Silk Wrap Blouse designed for office and remote-work with a classic and minimal look across warm and cool conditions.,in_stock
P048,Cotton Boxy Tee,top,Atelier Nine,176.67,ivory|white,M|XS|XL|L,smart-casual|feminine,weekend|travel,cool|warm,work|dinner,Cotton Boxy Tee designed for weekend and travel with a smart-casual and feminine look across cool and warm conditions.,in_stock
P049,Cropped Poplin Shirt,top,Atelier Nine,180.26,charcoal|cream|sand,M|L|XL|S,minimal|feminine,commute|office,mild|cool,work|casual,Cropped Poplin Shirt designed for commute and office with a minimal and feminine look across mild and cool conditions.,low_stock
P050,Cropped Poplin Shirt,top,Willow Standard,115.65,ivory|taupe,M|S|XS|L|XL,casual|elegant,travel|weekend,mild|warm,travel|casual,Cropped Poplin Shirt designed for travel and weekend with a casual and elegant look across mild and warm conditions.,in_stock
P051,Cropped Poplin Shirt,top,EverField,133.38,ivory|camel,XS|S|M|L,elegant|feminine,remote-work|weekend,cool|mild,travel|work,Cropped Poplin Shirt designed for remote-work and weekend with a elegant and feminine look across cool and mild conditions.,in_stock
P052,Cropped Poplin Shirt,top,Sole Muse,117.29,cream|ivory|mauve,L|M|S|XL|XS,smart-casual|classic,remote-work|office,cool|warm,dinner|work,Cropped Poplin Shirt designed for remote-work and office with a smart-casual and classic look across cool and warm conditions.,in_stock
P053,Cropped Poplin Shirt,top,Axis Studio,216.2,cream|charcoal|blush,M|S|L|XS,smart-casual|minimal,travel|remote-work,mild|warm,work|dinner,Cropped Poplin Shirt designed for travel and remote-work with a smart-casual and minimal look across mild and warm conditions.,in_stock
P054,Satin Tie Blouse,top,Willow Standard,110.89,beige|white|mustard,XS|M|S|XL,minimal|elegant,weekend|office,cool|warm,casual|work,Satin Tie Blouse designed for weekend and office with a minimal and elegant look across cool and warm conditions.,in_stock
P055,Cropped Poplin Shirt,top,Blue Peak,176.26,ivory|cream|mustard,L|XL|S|M|XS,feminine|classic,office|travel,warm|cool,dinner|travel,Cropped Poplin Shirt designed for office and travel with a feminine and classic look across warm and cool conditions.,in_stock
P056,Satin Tie Blouse,top,Willow Standard,81.8,beige|cream|sky,M|XL|L|S,minimal|casual,commute|remote-work,mild|warm,casual|dinner,Satin Tie Blouse designed for commute and remote-work with a minimal and casual look across mild and warm conditions.,in_stock
P057,Cropped Poplin Shirt,top,Axis Studio,110.63,black|beige,M|L|S|XL|XS,minimal|feminine,office|weekend,cool|mild,dinner|work,Cropped Poplin Shirt designed for office and weekend with a minimal and feminine look across cool and mild conditions.,in_stock
P058,Cotton Boxy Tee,top,Willow Standard,126.2,charcoal|beige,M|S|XL|L|XS,minimal|elegant,commute|weekend,mild|cool,work|travel,Cotton Boxy Tee designed for commute and weekend with a minimal and elegant look across mild and cool conditions.,in_stock
P059,Cropped Poplin Shirt,top,Luna Vale,113.69,charcoal|black|sky,M|XL|XS|S|L,classic|feminine,weekend|travel,warm|cool,dinner|travel,Cropped Poplin Shirt designed for weekend and travel with a classic and feminine look across warm and cool conditions.,in_stock
P060,Satin Tie Blouse,top,Willow Standard,48.68,charcoal|beige|sand,S|M|L|XS,feminine|elegant,office|remote-work,warm|mild,work|dinner,Satin Tie Blouse designed for office and remote-work with a feminine and elegant look across warm and mild conditions.,in_stock
P061,Satin Tie Blouse,top,Willow Standard,72.53,charcoal|cream|mauve,L|S|M|XS,minimal|smart-casual,weekend|commute,cool|mild,work|casual,Satin Tie Blouse designed for weekend and commute with a minimal and smart-casual look across cool and mild conditions.,in_stock
P062,Cropped Poplin Shirt,top,Harbor & Co,113.79,cream|charcoal|forest,S|XL|M|L|XS,elegant|minimal,commute|weekend,cool|mild,travel|dinner,Cropped Poplin Shirt designed for commute and weekend with a elegant and minimal look across cool and mild conditions.,in_stock
P063,Silk Wrap Blouse,top,Rose Harbor,44.44,camel|taupe,XS|S|L|XL|M,elegant|smart-casual,commute|weekend,cool|warm,dinner|travel,Silk Wrap Blouse designed for commute and weekend with a elegant and smart-casual look across cool and warm conditions.,in_stock
P064,Satin Tie Blouse,top,Luna Vale,145.4,black|beige|pearl|mustard,M|S|XL|XS,elegant|minimal,office|weekend,warm|mild,work|travel,Satin Tie Blouse designed for office and weekend with a elegant and minimal look across warm and mild conditions.,in_stock
P065,Cropped Poplin Shirt,top,Urban Form,58.15,charcoal|beige|berry,XL|L|M|XS,elegant|feminine,remote-work|travel,mild|cool,travel|casual,Cropped Poplin Shirt designed for remote-work and travel with a elegant and feminine look across mild and cool conditions.,in_stock
P066,Ribbed Mock Neck Top,top,Axis Studio,149.59,camel|beige|blush,M|L|S|XS|XL,elegant|minimal,remote-work|weekend,cool|mild,dinner|travel,Ribbed Mock Neck Top designed for remote-work and weekend with a elegant and minimal look across cool and mild conditions.,in_stock
P067,Satin Tie Blouse,top,Axis Studio,176.27,taupe|cream|sand,XL|M|XS|L,feminine|smart-casual,remote-work|office,cool|warm,dinner|casual,Satin Tie Blouse designed for remote-work and office with a feminine and smart-casual look across cool and warm conditions.,in_stock
P068,Satin Tie Blouse,top,Urban Form,64.15,camel|taupe|pearl|teal,XL|M|XS|S|L,smart-casual|classic,office|weekend,warm|cool,casual|dinner,Satin Tie Blouse designed for office and weekend with a smart-casual and classic look across warm and cool conditions.,in_stock
P069,Satin Tie Blouse,top,Sole Muse,156.2,charcoal|beige|emerald,XL|L|M|S|XS,classic|casual,weekend|office,cool|mild,casual|dinner,Satin Tie Blouse designed for weekend and office with a classic and casual look across cool and mild conditions.,in_stock
P070,Silk Wrap Blouse,top,Axis Studio,219.21,charcoal|camel,XS|S|M|XL,elegant|classic,commute|weekend,cool|warm,travel|dinner,Silk Wrap Blouse designed for commute and weekend with a elegant and classic look across cool and warm conditions.,in_stock
P071,Ribbed Mock Neck Top,top,MoveWell,111.46,ivory|black|stone,M|XS|XL|S,feminine|smart-casual,office|weekend,mild|warm,work|casual,Ribbed Mock Neck Top designed for office and weekend with a feminine and smart-casual look across mild and warm conditions.,in_stock
P072,Cotton Boxy Tee,top,MoveWell,38.38,black|cream|lavender,XL|S|XS|L,casual|feminine,office|commute,warm|cool,dinner|work,Cotton Boxy Tee designed for office and commute with a casual and feminine look across warm and cool conditions.,in_stock
P073,Silk Wrap Blouse,top,Urban Form,76.75,navy|beige|blush|berry,L|XS|M|XL,elegant|classic,commute|office,mild|warm,work|dinner,Silk Wrap Blouse designed for commute and office with a elegant and classic look across mild and warm conditions.,in_stock
P074,Satin Tie Blouse,top,Verve Line,158.79,white|navy,L|XS|XL|S|M,minimal|casual,commute|travel,mild|cool,travel|dinner,Satin Tie Blouse designed for commute and travel with a minimal and casual look across mild and cool conditions.,in_stock
P075,Cropped Poplin Shirt,top,MoveWell,108.86,charcoal|white|sage|teal,L|M|S|XL,elegant|minimal,commute|weekend,mild|cool,dinner|work,Cropped Poplin Shirt designed for commute and weekend with a elegant and minimal look across mild and cool conditions.,in_stock
P076,Ribbed Mock Neck Top,top,Fjord Loom,133.49,white|taupe,XS|L|S|M|XL,smart-casual|feminine,commute|travel,warm|cool,casual|dinner,Ribbed Mock Neck Top designed for commute and travel with a smart-casual and feminine look across warm and cool conditions.,in_stock
P077,Ribbed Mock Neck Top,top,Blue Peak,182.41,white|cream,XL|M|XS|L,smart-casual|classic,commute|travel,warm|cool,casual|dinner,Ribbed Mock Neck Top designed for commute and travel with a smart-casual and classic look across warm and cool conditions.,in_stock
P078,Silk Wrap Blouse,top,MoveWell,98.36,charcoal|camel|mauve,M|S|L|XL|XS,feminine|classic,office|travel,warm|cool,work|dinner,Silk Wrap Blouse designed for office and travel with a feminine and classic look across warm and cool conditions.,in_stock
P079,Cotton Boxy Tee,top,Atelier Nine,92.31,beige|navy|blush,M|L|XL|S,minimal|casual,weekend|office,warm|cool,dinner|work,Cotton Boxy Tee designed for weekend and office with a minimal and casual look across warm and cool conditions.,in_stock
P080,Satin Tie Blouse,top,Urban Form,50.19,camel|navy|pearl|forest,XL|M|XS|S,classic|minimal,weekend|office,mild|warm,dinner|travel,Satin Tie Blouse designed for weekend and office with a classic and minimal look across mild and warm conditions.,in_stock
P081,Cotton Boxy Tee,top,Rose Harbor,187.25,cream|white|sage,XS|L|XL|M|S,feminine|elegant,travel|office,mild|cool,dinner|work,Cotton Boxy Tee designed for travel and office with a feminine and elegant look across mild and cool conditions.,in_stock
P082,Cotton Boxy Tee,top,Sole Muse,93.46,charcoal|taupe,S|XS|L|XL,casual|classic,travel|remote-work,cool|warm,casual|dinner,Cotton Boxy Tee designed for travel and remote-work with a casual and classic look across cool and warm conditions.,in_stock
P083,Cotton Boxy Tee,top,Rose Harbor,38.32,white|navy,M|XL|L|XS|S,feminine|minimal,commute|weekend,mild|warm,work|casual,Cotton Boxy Tee designed for commute and weekend with a feminine and minimal look across mild and warm conditions.,in_stock
P084,Satin Tie Blouse,top,Luna Vale,112.7,charcoal|navy|sky,M|L|XL|XS,minimal|elegant,office|commute,cool|warm,casual|work,Satin Tie Blouse designed for office and commute with a minimal and elegant look across cool and warm conditions.,in_stock
P085,Ribbed Mock Neck Top,top,Harbor & Co,104.71,cream|taupe|pearl|teal,XL|XS|M|S|L,smart-casual|minimal,travel|weekend,mild|cool,casual|travel,Ribbed Mock Neck Top designed for travel and weekend with a smart-casual and minimal look across mild and cool conditions.,in_stock
P086,Ribbed Mock Neck Top,top,Harbor & Co,150.48,cream|navy|sage,S|XS|M|XL|L,minimal|smart-casual,commute|remote-work,warm|mild,travel|work,Ribbed Mock Neck Top designed for commute and remote-work with a minimal and smart-casual look across warm and mild conditions.,in_stock
P087,Cropped Poplin Shirt,top,Luna Vale,154.08,charcoal|beige,XL|L|XS|M,casual|feminine,remote-work|weekend,warm|mild,dinner|travel,Cropped Poplin Shirt designed for remote-work and weekend with a casual and feminine look across warm and mild conditions.,in_stock
P088,Cotton Boxy Tee,top,Blue Peak,85.35,charcoal|taupe|teal,S|M|L|XL|XS,smart-casual|elegant,travel|weekend,warm|cool,casual|travel,Cotton Boxy Tee designed for travel and weekend with a smart-casual and elegant look across warm and cool conditions.,in_stock
P089,Ribbed Mock Neck Top,top,North Thread,173.81,white|taupe|stone,L|S|XL|XS|M,elegant|smart-casual,office|weekend,warm|mild,dinner|work,Ribbed Mock Neck Top designed for office and weekend with a elegant and smart-casual look across warm and mild conditions.,in_stock
P090,Ribbed Mock Neck Top,top,Fjord Loom,51.83,navy|camel|sand,L|S|M|XL|XS,feminine|minimal,office|travel,mild|warm,casual|dinner,Ribbed Mock Neck Top designed for office and travel with a feminine and minimal look across mild and warm conditions.,low_stock
P091,Silk Wrap Blouse,top,Luna Vale,71.5,white|taupe|blush,XS|XL|S|L|M,classic|casual,commute|weekend,warm|mild,casual|dinner,Silk Wrap Blouse designed for commute and weekend with a classic and casual look across warm and mild conditions.,in_stock
P092,Satin Tie Blouse,top,Luna Vale,148.96,cream|charcoal,M|XS|S|L|XL,casual|minimal,travel|commute,warm|cool,dinner|travel,Satin Tie Blouse designed for travel and commute with a casual and minimal look across warm and cool conditions.,in_stock
P093,Cotton Boxy Tee,top,Fjord Loom,37.3,ivory|beige|blush,XS|M|XL|L|S,minimal|smart-casual,commute|weekend,cool|mild,dinner|work,Cotton Boxy Tee designed for commute and weekend with a minimal and smart-casual look across cool and mild conditions.,in_stock
P094,Ribbed Mock Neck Top,top,EverField,49.27,camel|cream|stone|forest,L|XL|M|S|XS,smart-casual|casual,weekend|travel,mild|cool,work|dinner,Ribbed Mock Neck Top designed for weekend and travel with a smart-casual and casual look across mild and cool conditions.,in_stock
P095,Ribbed Mock Neck Top,top,Axis Studio,111.95,taupe|cream|berry,S|L|XL|M|XS,classic|smart-casual,travel|weekend,mild|warm,work|dinner,Ribbed Mock Neck Top designed for travel and weekend with a classic and smart-casual look across mild and warm conditions.,in_stock
P096,Silk Wrap Blouse,top,Fjord Loom,38.11,taupe|beige|sage|cobalt,M|L|XL|XS|S,classic|elegant,commute|travel,mild|warm,casual|dinner,Silk Wrap Blouse designed for commute and travel with a classic and elegant look across mild and warm conditions.,in_stock
P097,Satin Tie Blouse,top,Harbor & Co,203.14,charcoal|white,M|XL|L|S,casual|feminine,commute|weekend,warm|cool,casual|work,Satin Tie Blouse designed for commute and weekend with a casual and feminine look across warm and cool conditions.,in_stock
P098,Ribbed Mock Neck Top,top,Sole Muse,163.36,taupe|charcoal,M|S|XL|XS|L,feminine|casual,office|remote-work,warm|cool,travel|work,Ribbed Mock Neck Top designed for office and remote-work with a feminine and casual look across warm and cool conditions.,in_stock
P099,Cropped Poplin Shirt,top,North Thread,37.82,cream|navy|blush,L|XL|S|XS|M,smart-casual|minimal,weekend|travel,cool|mild,casual|dinner,Cropped Poplin Shirt designed for weekend and travel with a smart-casual and minimal look across cool and mild conditions.,in_stock
P100,Cropped Poplin Shirt,top,Fjord Loom,84.3,cream|navy,M|S|L|XL,minimal|smart-casual,remote-work|commute,warm|mild,work|dinner,Cropped Poplin Shirt designed for remote-work and commute with a minimal and smart-casual look across warm and mild conditions.,in_stock
P101,Cropped Poplin Shirt,top,Velvet Row,189.29,beige|charcoal|pearl,XS|XL|L|S,classic|casual,travel|weekend,cool|warm,travel|dinner,Cropped Poplin Shirt designed for travel and weekend with a classic and casual look across cool and warm conditions.,in_stock
P102,Silk Wrap Blouse,top,Luna Vale,55.83,white|beige|sky|plum,L|XL|XS|S|M,smart-casual|classic,commute|weekend,warm|mild,work|casual,Silk Wrap Blouse designed for commute and weekend with a smart-casual and classic look across warm and mild conditions.,in_stock
P103,Satin Tie Blouse,top,Verve Line,73.41,navy|charcoal,M|XL|XS|L,elegant|feminine,weekend|travel,mild|cool,work|travel,Satin Tie Blouse designed for weekend and travel with a elegant and feminine look across mild and cool conditions.,low_stock
P104,Ribbed Mock Neck Top,top,Luna Vale,34.86,navy|ivory|sand|berry,XL|L|S|XS|M,elegant|casual,commute|travel,mild|cool,work|casual,Ribbed Mock Neck Top designed for commute and travel with a elegant and casual look across mild and cool conditions.,in_stock
P105,Belted City Pant,bottom,EverField,204.19,taupe|charcoal|sky,S|XS|XL|M,smart-casual|street,weekend|errands,warm|cool,work|dinner,Belted City Pant designed for weekend and errands with a smart-casual and street look across warm and cool conditions.,in_stock
P106,Belted City Pant,bottom,Fjord Loom,102.23,camel|beige,S|L|M|XL|XS,street|classic,errands|commute,cool|mild,travel|casual,Belted City Pant designed for errands and commute with a street and classic look across cool and mild conditions.,in_stock
P107,Pleated Tapered Pant,bottom,Willow Standard,89.43,camel|ivory|mauve,XS|L|XL|S,casual|street,office|errands,mild|warm,dinner|casual,Pleated Tapered Pant designed for office and errands with a casual and street look across mild and warm conditions.,in_stock
P108,Pleated Tapered Pant,bottom,Fjord Loom,141.33,beige|navy|sand,L|XL|S|XS|M,street|smart-casual,errands|commute,warm|cool,dinner|work,Pleated Tapered Pant designed for errands and commute with a street and smart-casual look across warm and cool conditions.,low_stock
P109,High-Rise Tailored Trouser,bottom,Willow Standard,99.99,beige|charcoal|sand,XL|M|S|XS|L,classic|smart-casual,weekend|commute,mild|cool,work|casual,High-Rise Tailored Trouser designed for weekend and commute with a classic and smart-casual look across mild and cool conditions.,low_stock
P110,Relaxed Wide-Leg Pant,bottom,Fjord Loom,57.39,black|cream|mauve,S|XS|M|L,casual|minimal,office|travel,cool|warm,work|travel,Relaxed Wide-Leg Pant designed for office and travel with a casual and minimal look across cool and warm conditions.,in_stock
P111,High-Rise Tailored Trouser,bottom,Axis Studio,100.84,beige|black|sage,XS|S|M|XL,casual|classic,weekend|office,cool|warm,casual|travel,High-Rise Tailored Trouser designed for weekend and office with a casual and classic look across cool and warm conditions.,low_stock
P112,Relaxed Wide-Leg Pant,bottom,Axis Studio,128.14,beige|ivory|pearl,S|L|XL|XS|M,smart-casual|casual,travel|commute,warm|mild,work|travel,Relaxed Wide-Leg Pant designed for travel and commute with a smart-casual and casual look across warm and mild conditions.,in_stock
P113,Belted City Pant,bottom,Velvet Row,52.78,black|beige,S|XL|L|M,casual|minimal,commute|travel,mild|cool,travel|casual,Belted City Pant designed for commute and travel with a casual and minimal look across mild and cool conditions.,in_stock
P114,Pleated Tapered Pant,bottom,Atelier Nine,130.41,taupe|camel,L|M|XL|XS,smart-casual|street,errands|weekend,mild|warm,dinner|work,Pleated Tapered Pant designed for errands and weekend with a smart-casual and street look across mild and warm conditions.,in_stock
P115,Belted City Pant,bottom,MoveWell,191.18,charcoal|white,XL|L|M|S,minimal|street,office|weekend,warm|mild,casual|dinner,Belted City Pant designed for office and weekend with a minimal and street look across warm and mild conditions.,in_stock
P116,Stretch Straight Pant,bottom,North Thread,219.27,black|ivory|forest,XS|L|XL|S|M,street|minimal,errands|travel,warm|cool,work|casual,Stretch Straight Pant designed for errands and travel with a street and minimal look across warm and cool conditions.,in_stock
P117,Pleated Tapered Pant,bottom,Luna Vale,226.59,navy|cream,L|XS|S|M,casual|street,travel|commute,cool|warm,dinner|casual,Pleated Tapered Pant designed for travel and commute with a casual and street look across cool and warm conditions.,in_stock
P118,High-Rise Tailored Trouser,bottom,Harbor & Co,143.41,ivory|white|pearl,XS|XL|S|M,street|classic,errands|travel,mild|warm,dinner|casual,High-Rise Tailored Trouser designed for errands and travel with a street and classic look across mild and warm conditions.,in_stock
P119,Pleated Tapered Pant,bottom,Blue Peak,77.25,beige|ivory,XL|XS|S|L,casual|minimal,travel|errands,mild|warm,work|dinner,Pleated Tapered Pant designed for travel and errands with a casual and minimal look across mild and warm conditions.,in_stock
P120,Relaxed Wide-Leg Pant,bottom,Velvet Row,83.57,camel|taupe,XL|S|L|M,smart-casual|minimal,errands|weekend,warm|cool,dinner|work,Relaxed Wide-Leg Pant designed for errands and weekend with a smart-casual and minimal look across warm and cool conditions.,low_stock
P121,Relaxed Wide-Leg Pant,bottom,Harbor & Co,72.7,white|charcoal|ruby,S|XL|L|XS|M,minimal|classic,travel|weekend,cool|mild,travel|work,Relaxed Wide-Leg Pant designed for travel and weekend with a minimal and classic look across cool and mild conditions.,in_stock
P122,Pleated Tapered Pant,bottom,EverField,112.32,charcoal|ivory,XS|S|M|XL,classic|casual,commute|errands,mild|warm,casual|travel,Pleated Tapered Pant designed for commute and errands with a classic and casual look across mild and warm conditions.,in_stock
P123,Stretch Straight Pant,bottom,Blue Peak,148.18,taupe|navy|lavender,L|XL|M|S|XS,smart-casual|street,errands|travel,cool|mild,dinner|casual,Stretch Straight Pant designed for errands and travel with a smart-casual and street look across cool and mild conditions.,low_stock
P124,Pleated Tapered Pant,bottom,EverField,148.43,taupe|cream|mauve|emerald,M|S|XS|L|XL,classic|casual,travel|commute,cool|warm,dinner|casual,Pleated Tapered Pant designed for travel and commute with a classic and casual look across cool and warm conditions.,in_stock
P125,Belted City Pant,bottom,Luna Vale,207.01,charcoal|navy|pearl|plum,XS|XL|S|L,casual|minimal,weekend|office,mild|cool,travel|work,Belted City Pant designed for weekend and office with a casual and minimal look across mild and cool conditions.,in_stock
P126,Belted City Pant,bottom,Axis Studio,38.51,ivory|navy|sage,S|XS|L|M|XL,casual|smart-casual,commute|errands,cool|mild,travel|casual,Belted City Pant designed for commute and errands with a casual and smart-casual look across cool and mild conditions.,in_stock
P127,Pleated Tapered Pant,bottom,North Thread,118.08,charcoal|beige|sage,XL|L|XS|M|S,minimal|classic,travel|commute,warm|mild,work|dinner,Pleated Tapered Pant designed for travel and commute with a minimal and classic look across warm and mild conditions.,in_stock
P128,Relaxed Wide-Leg Pant,bottom,Luna Vale,71.77,cream|white|stone|mustard,XS|S|M|XL|L,minimal|smart-casual,weekend|errands,warm|cool,travel|casual,Relaxed Wide-Leg Pant designed for weekend and errands with a minimal and smart-casual look across warm and cool conditions.,in_stock
P129,High-Rise Tailored Trouser,bottom,North Thread,104.82,beige|ivory|cobalt,M|XS|XL|S|L,classic|casual,commute|travel,cool|mild,dinner|work,High-Rise Tailored Trouser designed for commute and travel with a classic and casual look across cool and mild conditions.,in_stock
P130,Stretch Straight Pant,bottom,Fjord Loom,186.63,navy|camel|sage,M|XS|L|XL|S,classic|smart-casual,commute|office,mild|warm,casual|dinner,Stretch Straight Pant designed for commute and office with a classic and smart-casual look across mild and warm conditions.,in_stock
P131,Pleated Tapered Pant,bottom,Velvet Row,212.06,beige|charcoal|sky,M|L|S|XS,street|casual,errands|weekend,warm|cool,casual|work,Pleated Tapered Pant designed for errands and weekend with a street and casual look across warm and cool conditions.,in_stock
P132,Stretch Straight Pant,bottom,Axis Studio,134.27,camel|taupe|pearl,M|XL|XS|S,street|casual,travel|office,mild|cool,work|casual,Stretch Straight Pant designed for travel and office with a street and casual look across mild and cool conditions.,in_stock
P133,Belted City Pant,bottom,Fjord Loom,96.59,ivory|cream,L|M|XS|S,smart-casual|street,travel|weekend,cool|warm,travel|casual,Belted City Pant designed for travel and weekend with a smart-casual and street look across cool and warm conditions.,in_stock
P134,Stretch Straight Pant,bottom,MoveWell,124.88,charcoal|camel|pearl,XS|L|M|S|XL,smart-casual|casual,commute|weekend,warm|cool,dinner|work,Stretch Straight Pant designed for commute and weekend with a smart-casual and casual look across warm and cool conditions.,in_stock
P135,Relaxed Wide-Leg Pant,bottom,North Thread,57.42,navy|ivory|pearl,M|S|XL|XS,street|classic,commute|travel,mild|warm,work|casual,Relaxed Wide-Leg Pant designed for commute and travel with a street and classic look across mild and warm conditions.,in_stock
P136,Belted City Pant,bottom,Fjord Loom,105.72,taupe|charcoal|mauve,L|XS|S|M,minimal|street,weekend|commute,cool|warm,dinner|work,Belted City Pant designed for weekend and commute with a minimal and street look across cool and warm conditions.,in_stock
P137,Relaxed Wide-Leg Pant,bottom,Luna Vale,201.09,charcoal|ivory,XS|M|L|XL,casual|street,errands|weekend,warm|mild,travel|dinner,Relaxed Wide-Leg Pant designed for errands and weekend with a casual and street look across warm and mild conditions.,in_stock
P138,High-Rise Tailored Trouser,bottom,Verve Line,116.09,charcoal|white|mauve,L|XL|S|XS,casual|street,commute|office,warm|mild,casual|dinner,High-Rise Tailored Trouser designed for commute and office with a casual and street look across warm and mild conditions.,in_stock
P139,Relaxed Wide-Leg Pant,bottom,Harbor & Co,160.32,cream|camel|sky,M|XL|S|XS,smart-casual|minimal,weekend|commute,mild|warm,travel|work,Relaxed Wide-Leg Pant designed for weekend and commute with a smart-casual and minimal look across mild and warm conditions.,in_stock
P140,Stretch Straight Pant,bottom,Urban Form,134.77,ivory|camel,XL|S|L|M,casual|street,commute|travel,warm|mild,travel|work,Stretch Straight Pant designed for commute and travel with a casual and street look across warm and mild conditions.,in_stock
P141,Stretch Straight Pant,bottom,Verve Line,175.36,charcoal|white,L|XL|XS|M|S,casual|smart-casual,office|commute,mild|cool,casual|dinner,Stretch Straight Pant designed for office and commute with a casual and smart-casual look across mild and cool conditions.,in_stock
P142,Belted City Pant,bottom,Sole Muse,146.12,white|ivory|stone,L|S|XL|XS,casual|smart-casual,office|travel,cool|warm,work|casual,Belted City Pant designed for office and travel with a casual and smart-casual look across cool and warm conditions.,in_stock
P143,Belted City Pant,bottom,Verve Line,69.03,navy|white|pearl,S|XL|XS|L,street|smart-casual,errands|weekend,cool|warm,travel|dinner,Belted City Pant designed for errands and weekend with a street and smart-casual look across cool and warm conditions.,in_stock
P144,Relaxed Wide-Leg Pant,bottom,Fjord Loom,178.79,white|camel|sand,S|XL|M|L,casual|classic,travel|weekend,warm|cool,dinner|casual,Relaxed Wide-Leg Pant designed for travel and weekend with a casual and classic look across warm and cool conditions.,in_stock
P145,Relaxed Wide-Leg Pant,bottom,Rose Harbor,229.8,beige|taupe|sky,XL|XS|M|L|S,smart-casual|minimal,errands|travel,mild|cool,casual|dinner,Relaxed Wide-Leg Pant designed for errands and travel with a smart-casual and minimal look across mild and cool conditions.,in_stock
P146,Stretch Straight Pant,bottom,Velvet Row,218.3,cream|beige|sand|forest,XS|XL|M|S,minimal|street,weekend|travel,cool|mild,dinner|work,Stretch Straight Pant designed for weekend and travel with a minimal and street look across cool and mild conditions.,low_stock
P147,Relaxed Wide-Leg Pant,bottom,North Thread,111.23,ivory|charcoal|stone,XS|L|M|S,casual|classic,office|errands,mild|warm,dinner|work,Relaxed Wide-Leg Pant designed for office and errands with a casual and classic look across mild and warm conditions.,in_stock
P148,Stretch Straight Pant,bottom,Fjord Loom,132.93,cream|white|blush,L|XS|M|XL,minimal|smart-casual,commute|errands,mild|cool,casual|travel,Stretch Straight Pant designed for commute and errands with a minimal and smart-casual look across mild and cool conditions.,low_stock
P149,High-Rise Tailored Trouser,bottom,Rose Harbor,106.99,cream|ivory|sage,S|L|M|XL,casual|minimal,office|weekend,mild|cool,travel|casual,High-Rise Tailored Trouser designed for office and weekend with a casual and minimal look across mild and cool conditions.,in_stock
P150,Belted City Pant,bottom,Axis Studio,194.69,white|black,M|S|XL|XS,classic|smart-casual,office|weekend,cool|warm,work|dinner,Belted City Pant designed for office and weekend with a classic and smart-casual look across cool and warm conditions.,in_stock
P151,High-Rise Tailored Trouser,bottom,Harbor & Co,211.47,navy|camel|pearl|cobalt,M|S|L|XS|XL,street|minimal,office|commute,mild|warm,work|casual,High-Rise Tailored Trouser designed for office and commute with a street and minimal look across mild and warm conditions.,in_stock
P152,Relaxed Wide-Leg Pant,bottom,North Thread,98.53,black|beige,S|M|XL|XS,smart-casual|classic,weekend|office,mild|warm,dinner|work,Relaxed Wide-Leg Pant designed for weekend and office with a smart-casual and classic look across mild and warm conditions.,in_stock
P153,High-Rise Tailored Trouser,bottom,Atelier Nine,37.6,camel|beige|sand,XS|S|L|M,street|smart-casual,weekend|commute,mild|cool,work|dinner,High-Rise Tailored Trouser designed for weekend and commute with a street and smart-casual look across mild and cool conditions.,in_stock
P154,Belted City Pant,bottom,North Thread,136.71,charcoal|taupe|sky|emerald,XS|L|M|XL|S,casual|smart-casual,office|errands,mild|warm,work|dinner,Belted City Pant designed for office and errands with a casual and smart-casual look across mild and warm conditions.,in_stock
P155,Belted City Pant,bottom,Verve Line,81.03,charcoal|beige,L|M|S|XS,street|smart-casual,office|errands,mild|warm,work|casual,Belted City Pant designed for office and errands with a street and smart-casual look across mild and warm conditions.,in_stock
P156,Pleated Tapered Pant,bottom,Rose Harbor,36.63,black|ivory|blush,M|XL|L|XS,classic|smart-casual,errands|travel,mild|warm,casual|work,Pleated Tapered Pant designed for errands and travel with a classic and smart-casual look across mild and warm conditions.,low_stock
P157,Pleated Tapered Pant,bottom,Harbor & Co,209.05,taupe|charcoal|teal,XS|S|M|XL|L,classic|minimal,weekend|commute,mild|warm,casual|travel,Pleated Tapered Pant designed for weekend and commute with a classic and minimal look across mild and warm conditions.,in_stock
P158,Belted City Pant,bottom,Fjord Loom,165.63,white|ivory|sage|cobalt,XS|XL|S|L|M,smart-casual|street,commute|travel,warm|cool,travel|casual,Belted City Pant designed for commute and travel with a smart-casual and street look across warm and cool conditions.,in_stock
P159,Stretch Straight Pant,bottom,Rose Harbor,99.38,black|ivory,XL|M|XS|S,smart-casual|classic,commute|office,mild|warm,travel|dinner,Stretch Straight Pant designed for commute and office with a smart-casual and classic look across mild and warm conditions.,in_stock
P160,Pleated Tapered Pant,bottom,Blue Peak,233.52,cream|white|lavender|mustard,XL|XS|M|S|L,casual|minimal,travel|errands,warm|mild,work|casual,Pleated Tapered Pant designed for travel and errands with a casual and minimal look across warm and mild conditions.,in_stock
P161,Relaxed Wide-Leg Pant,bottom,North Thread,154.38,camel|navy|pearl,XS|XL|L|M|S,casual|minimal,commute|office,mild|cool,work|dinner,Relaxed Wide-Leg Pant designed for commute and office with a casual and minimal look across mild and cool conditions.,low_stock
P162,High-Rise Tailored Trouser,bottom,Sole Muse,79.02,cream|camel|lavender,M|XL|S|XS,minimal|casual,commute|travel,cool|warm,work|dinner,High-Rise Tailored Trouser designed for commute and travel with a minimal and casual look across cool and warm conditions.,in_stock
P163,Belted City Pant,bottom,Aster Lane,237.83,charcoal|taupe,L|XL|S|M|XS,smart-casual|casual,office|commute,warm|mild,work|casual,Belted City Pant designed for office and commute with a smart-casual and casual look across warm and mild conditions.,in_stock
P164,High-Rise Tailored Trouser,bottom,Atelier Nine,85.81,taupe|cream|berry,M|XS|L|S,smart-casual|casual,weekend|errands,warm|cool,travel|dinner,High-Rise Tailored Trouser designed for weekend and errands with a smart-casual and casual look across warm and cool conditions.,in_stock
P165,Belted City Pant,bottom,Axis Studio,70.99,taupe|black|sky,XS|XL|L|M,minimal|classic,office|commute,warm|mild,casual|dinner,Belted City Pant designed for office and commute with a minimal and classic look across warm and mild conditions.,in_stock
P166,Belted City Pant,bottom,Sole Muse,231.91,taupe|ivory,L|XS|S|M|XL,casual|street,travel|errands,warm|cool,casual|travel,Belted City Pant designed for travel and errands with a casual and street look across warm and cool conditions.,low_stock
P167,Stretch Straight Pant,bottom,Axis Studio,185.47,white|ivory|stone|teal,S|XL|M|XS|L,street|minimal,weekend|commute,warm|mild,work|casual,Stretch Straight Pant designed for weekend and commute with a street and minimal look across warm and mild conditions.,in_stock
P168,Relaxed Wide-Leg Pant,bottom,Rose Harbor,37.34,camel|taupe|sage,S|XS|XL|M,minimal|street,office|travel,cool|warm,casual|dinner,Relaxed Wide-Leg Pant designed for office and travel with a minimal and street look across cool and warm conditions.,in_stock
P169,Belted City Pant,bottom,Blue Peak,68.34,white|taupe,XS|M|XL|S,smart-casual|minimal,office|commute,mild|cool,casual|travel,Belted City Pant designed for office and commute with a smart-casual and minimal look across mild and cool conditions.,in_stock
P170,Stretch Straight Pant,bottom,Aster Lane,123.42,black|camel,XL|L|XS|M,minimal|smart-casual,weekend|errands,cool|warm,travel|casual,Stretch Straight Pant designed for weekend and errands with a minimal and smart-casual look across cool and warm conditions.,in_stock
P171,Slip Satin Dress,dress,Luna Vale,144.23,beige|camel|sand|mustard,XS|M|L|S|XL,feminine|casual,events|office,all-season|mild,work|brunch,Slip Satin Dress designed for events and office with a feminine and casual look across all-season and mild conditions.,in_stock
P172,Slip Satin Dress,dress,Sole Muse,288.51,white|taupe,S|L|XS|XL|M,classic|minimal,events|travel,all-season|warm,brunch|dinner,Slip Satin Dress designed for events and travel with a classic and minimal look across all-season and warm conditions.,in_stock
P173,Structured Shift Dress,dress,Blue Peak,197.24,charcoal|cream|ruby,XL|L|M|S|XS,classic|minimal,office|events,all-season|warm,brunch|work,Structured Shift Dress designed for office and events with a classic and minimal look across all-season and warm conditions.,low_stock
P174,Slip Satin Dress,dress,Fjord Loom,56.74,taupe|beige|blush,L|S|M|XS,casual|minimal,weekend|travel,warm|all-season,special occasion|dinner,Slip Satin Dress designed for weekend and travel with a casual and minimal look across warm and all-season conditions.,in_stock
P175,Structured Shift Dress,dress,Verve Line,75.94,camel|cream,S|XS|L|M,minimal|casual,travel|events,mild|all-season,special occasion|work,Structured Shift Dress designed for travel and events with a minimal and casual look across mild and all-season conditions.,in_stock
P176,Tiered Cotton Dress,dress,Luna Vale,153.84,ivory|cream|mauve,S|XS|M|XL|L,minimal|feminine,weekend|events,mild|all-season,special occasion|dinner,Tiered Cotton Dress designed for weekend and events with a minimal and feminine look across mild and all-season conditions.,in_stock
P177,Wrap Jersey Dress,dress,EverField,245.42,cream|black|lavender,S|L|XS|XL,classic|minimal,office|weekend,warm|all-season,dinner|special occasion,Wrap Jersey Dress designed for office and weekend with a classic and minimal look across warm and all-season conditions.,in_stock
P178,Slip Satin Dress,dress,Luna Vale,170.52,taupe|navy|sand,S|M|XL|L|XS,feminine|casual,events|travel,mild|all-season,brunch|special occasion,Slip Satin Dress designed for events and travel with a feminine and casual look across mild and all-season conditions.,in_stock
P179,Belted Midi Dress,dress,Axis Studio,52.55,black|ivory|sand,S|XL|XS|M,elegant|minimal,travel|weekend,warm|all-season,special occasion|work,Belted Midi Dress designed for travel and weekend with a elegant and minimal look across warm and all-season conditions.,in_stock
P180,Wrap Jersey Dress,dress,Verve Line,291.26,charcoal|white|sand,L|M|XS|S|XL,casual|classic,office|travel,all-season|mild,dinner|brunch,Wrap Jersey Dress designed for office and travel with a casual and classic look across all-season and mild conditions.,in_stock
P181,Wrap Jersey Dress,dress,EverField,225.43,camel|navy|blush,S|XL|M|XS|L,casual|classic,weekend|travel,warm|all-season,special occasion|brunch,Wrap Jersey Dress designed for weekend and travel with a casual and classic look across warm and all-season conditions.,in_stock
P182,Structured Shift Dress,dress,MoveWell,139.37,beige|cream,XL|L|M|S,casual|minimal,events|weekend,all-season|warm,dinner|work,Structured Shift Dress designed for events and weekend with a casual and minimal look across all-season and warm conditions.,in_stock
P183,Belted Midi Dress,dress,Blue Peak,142.7,camel|beige|sky|ruby,L|M|S|XL|XS,classic|feminine,travel|office,all-season|warm,special occasion|work,Belted Midi Dress designed for travel and office with a classic and feminine look across all-season and warm conditions.,in_stock
P184,Wrap Jersey Dress,dress,Verve Line,316.48,cream|navy|sage|mustard,S|M|L|XS|XL,classic|minimal,events|travel,all-season|warm,work|brunch,Wrap Jersey Dress designed for events and travel with a classic and minimal look across all-season and warm conditions.,in_stock
P185,Tiered Cotton Dress,dress,Harbor & Co,162.98,taupe|beige|pearl,L|XS|XL|M|S,feminine|minimal,events|office,all-season|warm,brunch|work,Tiered Cotton Dress designed for events and office with a feminine and minimal look across all-season and warm conditions.,in_stock
P186,Wrap Jersey Dress,dress,Urban Form,62.95,ivory|cream|blush,M|XL|S|L,classic|elegant,weekend|events,mild|warm,brunch|special occasion,Wrap Jersey Dress designed for weekend and events with a classic and elegant look across mild and warm conditions.,in_stock
P187,Slip Satin Dress,dress,Atelier Nine,145.81,white|beige|sky,L|M|XL|XS,casual|feminine,office|weekend,warm|all-season,work|brunch,Slip Satin Dress designed for office and weekend with a casual and feminine look across warm and all-season conditions.,in_stock
P188,Belted Midi Dress,dress,Axis Studio,160.74,beige|ivory|pearl,XL|M|L|XS,classic|feminine,office|events,warm|all-season,special occasion|work,Belted Midi Dress designed for office and events with a classic and feminine look across warm and all-season conditions.,in_stock
P189,Belted Midi Dress,dress,Willow Standard,295.35,charcoal|beige|blush|cobalt,M|S|XS|XL|L,feminine|classic,events|office,all-season|warm,work|brunch,Belted Midi Dress designed for events and office with a feminine and classic look across all-season and warm conditions.,in_stock
P190,Belted Midi Dress,dress,Axis Studio,144.06,cream|white|mauve,L|XS|XL|M|S,elegant|casual,weekend|events,mild|all-season,work|brunch,Belted Midi Dress designed for weekend and events with a elegant and casual look across mild and all-season conditions.,in_stock
P191,Tiered Cotton Dress,dress,Willow Standard,264.97,taupe|black,XS|S|M|XL,elegant|feminine,travel|weekend,mild|all-season,brunch|dinner,Tiered Cotton Dress designed for travel and weekend with a elegant and feminine look across mild and all-season conditions.,in_stock
P192,Slip Satin Dress,dress,Willow Standard,298.11,white|camel,L|XL|XS|M,minimal|casual,office|weekend,all-season|warm,dinner|special occasion,Slip Satin Dress designed for office and weekend with a minimal and casual look across all-season and warm conditions.,in_stock
P193,Wrap Jersey Dress,dress,Harbor & Co,85.88,ivory|camel|lavender|berry,XS|S|M|L,classic|elegant,office|events,mild|warm,dinner|brunch,Wrap Jersey Dress designed for office and events with a classic and elegant look across mild and warm conditions.,in_stock
P194,Structured Shift Dress,dress,Rose Harbor,69.21,beige|ivory,L|M|XS|S|XL,feminine|classic,travel|office,all-season|warm,work|dinner,Structured Shift Dress designed for travel and office with a feminine and classic look across all-season and warm conditions.,low_stock
P195,Wrap Jersey Dress,dress,Sole Muse,271.96,beige|taupe|cobalt,L|M|XL|S,minimal|classic,office|travel,all-season|warm,work|brunch,Wrap Jersey Dress designed for office and travel with a minimal and classic look across all-season and warm conditions.,in_stock
P196,Tiered Cotton Dress,dress,Fjord Loom,271.01,white|charcoal|sky,XS|M|L|XL|S,feminine|classic,events|travel,warm|mild,work|brunch,Tiered Cotton Dress designed for events and travel with a feminine and classic look across warm and mild conditions.,in_stock
P197,Belted Midi Dress,dress,Luna Vale,197.14,ivory|beige|stone,XL|L|M|XS|S,elegant|feminine,travel|weekend,all-season|mild,special occasion|brunch,Belted Midi Dress designed for travel and weekend with a elegant and feminine look across all-season and mild conditions.,low_stock
P198,Tiered Cotton Dress,dress,Fjord Loom,83.0,taupe|charcoal,XL|M|L|XS|S,elegant|minimal,weekend|travel,warm|all-season,dinner|special occasion,Tiered Cotton Dress designed for weekend and travel with a elegant and minimal look across warm and all-season conditions.,in_stock
P199,Tiered Cotton Dress,dress,Axis Studio,286.31,beige|ivory|berry,XS|XL|L|S|M,feminine|casual,events|travel,warm|mild,dinner|work,Tiered Cotton Dress designed for events and travel with a feminine and casual look across warm and mild conditions.,in_stock
P200,Belted Midi Dress,dress,Blue Peak,249.16,charcoal|ivory,S|M|L|XS|XL,classic|casual,weekend|travel,warm|all-season,dinner|work,Belted Midi Dress designed for weekend and travel with a classic and casual look across warm and all-season conditions.,in_stock
P201,Wrap Jersey Dress,dress,MoveWell,258.44,cream|beige|mauve,M|L|XS|XL,elegant|casual,office|events,warm|mild,dinner|special occasion,Wrap Jersey Dress designed for office and events with a elegant and casual look across warm and mild conditions.,in_stock
P202,Slip Satin Dress,dress,Luna Vale,87.27,navy|cream|pearl|ruby,XL|XS|M|S|L,casual|minimal,office|weekend,mild|warm,brunch|dinner,Slip Satin Dress designed for office and weekend with a casual and minimal look across mild and warm conditions.,in_stock
P203,Slip Satin Dress,dress,Velvet Row,136.04,camel|white|sand|forest,S|L|M|XS|XL,minimal|classic,events|weekend,all-season|warm,work|dinner,Slip Satin Dress designed for events and weekend with a minimal and classic look across all-season and warm conditions.,low_stock
P204,Structured Shift Dress,dress,Rose Harbor,178.87,camel|white|berry,S|M|L|XS|XL,elegant|feminine,office|travel,all-season|warm,special occasion|work,Structured Shift Dress designed for office and travel with a elegant and feminine look across all-season and warm conditions.,in_stock
P205,Wrap Jersey Dress,dress,Luna Vale,69.07,camel|white|sage,S|M|L|XS,casual|elegant,weekend|events,mild|all-season,special occasion|brunch,Wrap Jersey Dress designed for weekend and events with a casual and elegant look across mild and all-season conditions.,in_stock
P206,Structured Shift Dress,dress,Luna Vale,237.74,ivory|cream,M|XS|S|XL,casual|feminine,weekend|events,mild|all-season,work|brunch,Structured Shift Dress designed for weekend and events with a casual and feminine look across mild and all-season conditions.,in_stock
P207,Structured Shift Dress,dress,Axis Studio,309.04,taupe|ivory|sky|ruby,M|XL|XS|L,feminine|casual,office|weekend,all-season|mild,work|brunch,Structured Shift Dress designed for office and weekend with a feminine and casual look across all-season and mild conditions.,in_stock
P208,Structured Shift Dress,dress,EverField,98.44,charcoal|taupe|lavender|teal,XL|XS|M|S,casual|feminine,weekend|travel,warm|mild,work|special occasion,Structured Shift Dress designed for weekend and travel with a casual and feminine look across warm and mild conditions.,in_stock
P209,Slip Satin Dress,dress,Velvet Row,178.61,camel|beige|forest,XL|M|L|XS|S,minimal|classic,events|office,mild|warm,brunch|dinner,Slip Satin Dress designed for events and office with a minimal and classic look across mild and warm conditions.,in_stock
P210,Tiered Cotton Dress,dress,Rose Harbor,167.47,black|camel,L|XS|XL|M|S,elegant|casual,weekend|travel,all-season|warm,work|special occasion,Tiered Cotton Dress designed for weekend and travel with a elegant and casual look across all-season and warm conditions.,in_stock
P211,Belted Midi Dress,dress,EverField,194.45,navy|cream|sky,S|M|XL|XS|L,elegant|classic,office|events,mild|warm,brunch|dinner,Belted Midi Dress designed for office and events with a elegant and classic look across mild and warm conditions.,in_stock
P212,Structured Shift Dress,dress,Fjord Loom,247.38,charcoal|black|stone|plum,M|XS|L|S|XL,feminine|minimal,weekend|office,warm|all-season,dinner|brunch,Structured Shift Dress designed for weekend and office with a feminine and minimal look across warm and all-season conditions.,in_stock
P213,Wrap Jersey Dress,dress,Urban Form,148.58,charcoal|cream|sand,M|XS|XL|S|L,elegant|classic,weekend|events,mild|all-season,work|dinner,Wrap Jersey Dress designed for weekend and events with a elegant and classic look across mild and all-season conditions.,low_stock
P214,Slip Satin Dress,dress,Urban Form,144.61,cream|navy|blush,S|L|XL|XS,classic|casual,travel|office,all-season|warm,special occasion|work,Slip Satin Dress designed for travel and office with a classic and casual look across all-season and warm conditions.,in_stock
P215,Slip Satin Dress,dress,Luna Vale,90.74,camel|cream,XL|L|M|XS,minimal|feminine,events|travel,all-season|mild,special occasion|work,Slip Satin Dress designed for events and travel with a minimal and feminine look across all-season and mild conditions.,in_stock
P216,Slip Satin Dress,dress,EverField,91.12,charcoal|black,L|XS|XL|S|M,elegant|feminine,office|travel,all-season|mild,brunch|dinner,Slip Satin Dress designed for office and travel with a elegant and feminine look across all-season and mild conditions.,in_stock
P217,Belted Midi Dress,dress,North Thread,177.62,camel|taupe,XL|XS|M|S,casual|classic,weekend|office,all-season|mild,brunch|special occasion,Belted Midi Dress designed for weekend and office with a casual and classic look across all-season and mild conditions.,in_stock
P218,Structured Shift Dress,dress,Atelier Nine,162.01,ivory|taupe|sage|plum,L|S|XS|XL|M,minimal|elegant,office|weekend,all-season|warm,work|dinner,Structured Shift Dress designed for office and weekend with a minimal and elegant look across all-season and warm conditions.,in_stock
P219,Wrap Jersey Dress,dress,Verve Line,200.28,white|ivory|sky|mustard,L|S|XL|M|XS,minimal|classic,weekend|events,all-season|mild,special occasion|dinner,Wrap Jersey Dress designed for weekend and events with a minimal and classic look across all-season and mild conditions.,in_stock
P220,Wrap Jersey Dress,dress,Luna Vale,89.2,camel|beige,XS|S|L|M,feminine|casual,weekend|office,mild|warm,work|dinner,Wrap Jersey Dress designed for weekend and office with a feminine and casual look across mild and warm conditions.,in_stock
P221,Slip Satin Dress,dress,Willow Standard,165.72,cream|white,XL|M|XS|L,casual|elegant,events|weekend,warm|mild,brunch|dinner,Slip Satin Dress designed for events and weekend with a casual and elegant look across warm and mild conditions.,in_stock
P222,Wrap Jersey Dress,dress,Harbor & Co,156.5,black|beige|sage,XL|XS|M|L,feminine|minimal,weekend|events,mild|warm,brunch|special occasion,Wrap Jersey Dress designed for weekend and events with a feminine and minimal look across mild and warm conditions.,low_stock
P223,Structured Shift Dress,dress,Axis Studio,138.49,charcoal|white|pearl,XL|M|L|S,classic|casual,travel|office,mild|all-season,special occasion|dinner,Structured Shift Dress designed for travel and office with a classic and casual look across mild and all-season conditions.,in_stock
P224,Slip Satin Dress,dress,Blue Peak,265.04,charcoal|taupe|sand|ruby,M|XS|XL|S|L,minimal|feminine,travel|weekend,all-season|mild,work|dinner,Slip Satin Dress designed for travel and weekend with a minimal and feminine look across all-season and mild conditions.,low_stock
P225,Tiered Cotton Dress,dress,MoveWell,109.59,navy|black,M|S|XS|XL,elegant|minimal,events|office,warm|all-season,special occasion|dinner,Tiered Cotton Dress designed for events and office with a elegant and minimal look across warm and all-season conditions.,in_stock
P226,Wrap Jersey Dress,dress,Willow Standard,291.98,cream|charcoal,L|S|M|XL|XS,elegant|casual,office|weekend,mild|all-season,work|dinner,Wrap Jersey Dress designed for office and weekend with a elegant and casual look across mild and all-season conditions.,in_stock
P227,Tiered Cotton Dress,dress,Velvet Row,234.53,taupe|navy|pearl,S|L|M|XS,minimal|casual,weekend|office,all-season|mild,brunch|special occasion,Tiered Cotton Dress designed for weekend and office with a minimal and casual look across all-season and mild conditions.,in_stock
P228,Wrap Jersey Dress,dress,Sole Muse,279.94,cream|charcoal|berry,L|S|M|XS|XL,feminine|minimal,events|weekend,mild|all-season,brunch|work,Wrap Jersey Dress designed for events and weekend with a feminine and minimal look across mild and all-season conditions.,in_stock
P229,Slip Satin Dress,dress,Velvet Row,260.97,taupe|navy,M|XS|S|L|XL,feminine|elegant,weekend|events,all-season|warm,special occasion|dinner,Slip Satin Dress designed for weekend and events with a feminine and elegant look across all-season and warm conditions.,in_stock
P230,Wrap Jersey Dress,dress,Sole Muse,50.45,beige|charcoal|cobalt,M|S|XL|XS,minimal|casual,weekend|travel,all-season|mild,special occasion|work,Wrap Jersey Dress designed for weekend and travel with a minimal and casual look across all-season and mild conditions.,in_stock
P231,Wrap Jersey Dress,dress,Verve Line,218.6,taupe|charcoal|sky,XS|XL|L|S|M,minimal|casual,weekend|travel,mild|all-season,dinner|brunch,Wrap Jersey Dress designed for weekend and travel with a minimal and casual look across mild and all-season conditions.,in_stock
P232,Slip Satin Dress,dress,Blue Peak,227.06,white|navy|sky|mustard,S|XL|L|XS,feminine|casual,travel|weekend,warm|all-season,special occasion|dinner,Slip Satin Dress designed for travel and weekend with a feminine and casual look across warm and all-season conditions.,in_stock
P233,Wrap Jersey Dress,dress,Blue Peak,113.03,navy|cream,L|S|XS|M|XL,feminine|minimal,weekend|events,mild|all-season,special occasion|work,Wrap Jersey Dress designed for weekend and events with a feminine and minimal look across mild and all-season conditions.,low_stock
P234,Structured Shift Dress,dress,Verve Line,188.95,cream|taupe|blush,M|L|XL|XS|S,classic|minimal,weekend|events,mild|warm,dinner|work,Structured Shift Dress designed for weekend and events with a classic and minimal look across mild and warm conditions.,in_stock
P235,Packable Rain Jacket,outerwear,Willow Standard,228.79,white|camel,M|S|XS|L|XL,outdoor|street,weekend|travel,cool|rainy,active|casual,Packable Rain Jacket designed for weekend and travel with a outdoor and street look across cool and rainy conditions.,in_stock
P236,Cropped City Blazer,outerwear,EverField,220.88,cream|black|teal,L|S|XS|M|XL,casual|classic,weekend|hiking,rainy|windy,active|work,Cropped City Blazer designed for weekend and hiking with a casual and classic look across rainy and windy conditions.,in_stock
P237,Wool Blend Overcoat,outerwear,EverField,136.27,black|taupe|sky|mustard,XS|S|XL|M|L,outdoor|minimal,office|weekend,rainy|cool,travel|casual,Wool Blend Overcoat designed for office and weekend with a outdoor and minimal look across rainy and cool conditions.,in_stock
P238,Double-Breasted Trench,outerwear,Willow Standard,166.25,ivory|charcoal|sand,L|XS|XL|M|S,outdoor|minimal,commute|travel,windy|rainy,work|travel,Double-Breasted Trench designed for commute and travel with a outdoor and minimal look across windy and rainy conditions.,in_stock
P239,Quilted Utility Jacket,outerwear,Luna Vale,464.7,beige|white|lavender|emerald,M|L|XL|S,minimal|casual,commute|travel,cold|windy,active|casual,Quilted Utility Jacket designed for commute and travel with a minimal and casual look across cold and windy conditions.,in_stock
P240,Cropped City Blazer,outerwear,Willow Standard,434.86,navy|white|lavender,M|XS|L|XL,outdoor|classic,hiking|office,cold|windy,travel|active,Cropped City Blazer designed for hiking and office with a outdoor and classic look across cold and windy conditions.,in_stock
P241,Cropped City Blazer,outerwear,Sole Muse,496.93,ivory|cream|stone,S|XS|M|XL|L,minimal|casual,commute|weekend,windy|rainy,travel|active,Cropped City Blazer designed for commute and weekend with a minimal and casual look across windy and rainy conditions.,in_stock
P242,Wool Blend Overcoat,outerwear,Urban Form,106.5,white|camel|mauve,L|M|S|XL,outdoor|classic,hiking|weekend,cool|cold,travel|active,Wool Blend Overcoat designed for hiking and weekend with a outdoor and classic look across cool and cold conditions.,in_stock
P243,Quilted Utility Jacket,outerwear,Axis Studio,240.98,camel|charcoal|sand|ruby,XS|XL|M|L|S,minimal|street,commute|travel,cold|cool,casual|work,Quilted Utility Jacket designed for commute and travel with a minimal and street look across cold and cool conditions.,in_stock
P244,Cropped City Blazer,outerwear,North Thread,76.94,beige|white,L|XS|S|XL,casual|outdoor,office|commute,rainy|windy,work|travel,Cropped City Blazer designed for office and commute with a casual and outdoor look across rainy and windy conditions.,in_stock
P245,Double-Breasted Trench,outerwear,Atelier Nine,454.34,cream|camel|sky,S|XL|M|XS|L,street|outdoor,commute|office,windy|rainy,active|work,Double-Breasted Trench designed for commute and office with a street and outdoor look across windy and rainy conditions.,in_stock
P246,Cropped City Blazer,outerwear,Rose Harbor,564.77,charcoal|camel|blush,XL|M|S|L|XS,casual|minimal,hiking|travel,windy|rainy,travel|casual,Cropped City Blazer designed for hiking and travel with a casual and minimal look across windy and rainy conditions.,low_stock
P247,Cropped City Blazer,outerwear,Aster Lane,344.33,beige|taupe,XS|M|XL|L|S,classic|casual,hiking|travel,cold|windy,active|casual,Cropped City Blazer designed for hiking and travel with a classic and casual look across cold and windy conditions.,in_stock
P248,Wool Blend Overcoat,outerwear,Axis Studio,118.71,taupe|navy,XL|S|M|XS|L,outdoor|minimal,weekend|commute,rainy|cold,active|work,Wool Blend Overcoat designed for weekend and commute with a outdoor and minimal look across rainy and cold conditions.,in_stock
P249,Double-Breasted Trench,outerwear,Blue Peak,466.27,navy|white|sand,L|XS|S|XL,casual|minimal,office|travel,cool|cold,active|casual,Double-Breasted Trench designed for office and travel with a casual and minimal look across cool and cold conditions.,in_stock
P250,Quilted Utility Jacket,outerwear,Fjord Loom,248.17,camel|ivory,XL|XS|M|S|L,classic|outdoor,hiking|weekend,cool|cold,active|travel,Quilted Utility Jacket designed for hiking and weekend with a classic and outdoor look across cool and cold conditions.,in_stock
P251,Cropped City Blazer,outerwear,Blue Peak,198.43,beige|cream,L|M|XL|XS|S,outdoor|street,office|hiking,cool|windy,travel|active,Cropped City Blazer designed for office and hiking with a outdoor and street look across cool and windy conditions.,in_stock
P252,Packable Rain Jacket,outerwear,Fjord Loom,303.45,beige|charcoal|stone,S|M|XS|L,classic|street,travel|hiking,rainy|cold,travel|active,Packable Rain Jacket designed for travel and hiking with a classic and street look across rainy and cold conditions.,in_stock
P253,Cropped City Blazer,outerwear,MoveWell,178.01,black|charcoal|mustard,XL|L|M|XS|S,outdoor|classic,office|travel,cold|cool,casual|travel,Cropped City Blazer designed for office and travel with a outdoor and classic look across cold and cool conditions.,in_stock
P254,Wool Blend Overcoat,outerwear,Sole Muse,528.07,navy|black|sand,M|L|XS|S,street|classic,office|weekend,cold|windy,casual|travel,Wool Blend Overcoat designed for office and weekend with a street and classic look across cold and windy conditions.,low_stock
P255,Packable Rain Jacket,outerwear,Urban Form,79.74,white|camel|lavender,M|XL|XS|S|L,casual|outdoor,commute|office,cool|cold,travel|casual,Packable Rain Jacket designed for commute and office with a casual and outdoor look across cool and cold conditions.,in_stock
P256,Cropped City Blazer,outerwear,Fjord Loom,296.03,cream|taupe|sage|cobalt,XL|M|S|XS|L,minimal|street,travel|office,cool|windy,casual|travel,Cropped City Blazer designed for travel and office with a minimal and street look across cool and windy conditions.,low_stock
P257,Double-Breasted Trench,outerwear,Velvet Row,536.47,ivory|navy|blush,L|M|S|XL|XS,minimal|classic,travel|hiking,cold|rainy,travel|active,Double-Breasted Trench designed for travel and hiking with a minimal and classic look across cold and rainy conditions.,in_stock
P258,Packable Rain Jacket,outerwear,Fjord Loom,336.23,ivory|navy|berry,M|S|L|XL|XS,minimal|street,travel|hiking,cold|cool,work|casual,Packable Rain Jacket designed for travel and hiking with a minimal and street look across cold and cool conditions.,low_stock
P259,Cropped City Blazer,outerwear,Willow Standard,434.57,ivory|camel|mustard,S|L|XL|XS|M,casual|outdoor,hiking|commute,cold|cool,active|work,Cropped City Blazer designed for hiking and commute with a casual and outdoor look across cold and cool conditions.,in_stock
P260,Cropped City Blazer,outerwear,Luna Vale,170.62,white|cream,L|M|S|XL|XS,outdoor|casual,hiking|commute,cool|windy,active|work,Cropped City Blazer designed for hiking and commute with a outdoor and casual look across cool and windy conditions.,in_stock
P261,Cropped City Blazer,outerwear,Fjord Loom,278.33,charcoal|taupe|pearl,L|XS|XL|S|M,outdoor|classic,office|hiking,cool|rainy,work|active,Cropped City Blazer designed for office and hiking with a outdoor and classic look across cool and rainy conditions.,in_stock
P262,Cropped City Blazer,outerwear,Urban Form,270.7,white|cream|plum,XS|S|L|XL|M,minimal|street,commute|weekend,rainy|cool,active|casual,Cropped City Blazer designed for commute and weekend with a minimal and street look across rainy and cool conditions.,in_stock
P263,Double-Breasted Trench,outerwear,Rose Harbor,333.74,beige|ivory|sky|forest,XL|XS|M|S|L,minimal|outdoor,weekend|hiking,windy|cold,work|active,Double-Breasted Trench designed for weekend and hiking with a minimal and outdoor look across windy and cold conditions.,low_stock
P264,Double-Breasted Trench,outerwear,Fjord Loom,522.53,beige|taupe|pearl,M|XS|L|XL|S,minimal|street,office|travel,windy|rainy,travel|work,Double-Breasted Trench designed for office and travel with a minimal and street look across windy and rainy conditions.,in_stock
P265,Packable Rain Jacket,outerwear,North Thread,225.2,beige|camel,XS|M|S|L,street|minimal,travel|commute,cold|rainy,work|casual,Packable Rain Jacket designed for travel and commute with a street and minimal look across cold and rainy conditions.,in_stock
P266,Cropped City Blazer,outerwear,Sole Muse,561.37,camel|navy|stone,XL|L|S|XS|M,casual|minimal,commute|hiking,cold|cool,work|travel,Cropped City Blazer designed for commute and hiking with a casual and minimal look across cold and cool conditions.,in_stock
P267,Quilted Utility Jacket,outerwear,Aster Lane,409.53,taupe|charcoal,M|XS|S|XL|L,classic|street,office|hiking,windy|rainy,work|active,Quilted Utility Jacket designed for office and hiking with a classic and street look across windy and rainy conditions.,in_stock
P268,Quilted Utility Jacket,outerwear,Willow Standard,152.35,cream|beige,XL|M|S|L|XS,street|casual,hiking|office,cold|windy,travel|casual,Quilted Utility Jacket designed for hiking and office with a street and casual look across cold and windy conditions.,in_stock
P269,Packable Rain Jacket,outerwear,Urban Form,372.62,beige|cream|blush,S|XS|XL|M|L,casual|outdoor,commute|weekend,cool|windy,active|casual,Packable Rain Jacket designed for commute and weekend with a casual and outdoor look across cool and windy conditions.,in_stock
P270,Double-Breasted Trench,outerwear,Rose Harbor,338.18,charcoal|camel,XL|S|XS|L|M,street|casual,office|travel,cold|rainy,casual|work,Double-Breasted Trench designed for office and travel with a street and casual look across cold and rainy conditions.,in_stock
P271,Double-Breasted Trench,outerwear,Axis Studio,564.14,navy|taupe,M|L|XS|XL,street|casual,commute|office,cool|windy,casual|work,Double-Breasted Trench designed for commute and office with a street and casual look across cool and windy conditions.,in_stock
P272,Wool Blend Overcoat,outerwear,Fjord Loom,153.47,taupe|charcoal|blush,XS|XL|L|S,street|casual,office|travel,rainy|windy,casual|work,Wool Blend Overcoat designed for office and travel with a street and casual look across rainy and windy conditions.,in_stock
P273,Double-Breasted Trench,outerwear,Atelier Nine,273.31,white|charcoal|sand,L|XL|XS|S,street|casual,office|hiking,cool|rainy,work|casual,Double-Breasted Trench designed for office and hiking with a street and casual look across cool and rainy conditions.,in_stock
P274,Ankle Strap Sandal,footwear,Willow Standard,130.3,taupe|charcoal|sky,7|10|8|11,sport|casual,office|events,all-season|cool,work|special occasion,Ankle Strap Sandal designed for office and events with a sport and casual look across all-season and cool conditions.,in_stock
P275,Chunky Trainer,footwear,Fjord Loom,220.08,charcoal|camel|lavender,11|6|8|9|10,elegant|sport,errands|events,all-season|mild,casual|formal,Chunky Trainer designed for errands and events with a elegant and sport look across all-season and mild conditions.,in_stock
P276,Court Block Heel,footwear,Verve Line,309.9,camel|white,10|8|7|6|11,sport|casual,events|errands,cold|all-season,work|casual,Court Block Heel designed for events and errands with a sport and casual look across cold and all-season conditions.,in_stock
P277,Court Block Heel,footwear,Harbor & Co,161.41,taupe|beige,6|7|10|8,casual|sport,travel|errands,cold|cool,special occasion|work,Court Block Heel designed for travel and errands with a casual and sport look across cold and cool conditions.,in_stock
P278,Chunky Trainer,footwear,Verve Line,288.28,black|ivory|pearl,6|10|11|8|7,classic|sport,commute|office,mild|all-season,formal|work,Chunky Trainer designed for commute and office with a classic and sport look across mild and all-season conditions.,in_stock
P279,Ankle Strap Sandal,footwear,Harbor & Co,179.01,black|white|berry,11|7|9|6,classic|elegant,errands|office,all-season|mild,formal|special occasion,Ankle Strap Sandal designed for errands and office with a classic and elegant look across all-season and mild conditions.,in_stock
P280,Ankle Strap Sandal,footwear,Fjord Loom,82.52,black|charcoal,9|10|11|8|6,sport|elegant,errands|events,all-season|cool,casual|work,Ankle Strap Sandal designed for errands and events with a sport and elegant look across all-season and cool conditions.,in_stock
P281,Court Block Heel,footwear,EverField,188.52,navy|white|sage,6|11|9|8|7,casual|elegant,errands|commute,cool|cold,formal|casual,Court Block Heel designed for errands and commute with a casual and elegant look across cool and cold conditions.,in_stock
P282,Court Block Heel,footwear,Axis Studio,254.24,beige|navy|mauve,10|6|9|7|8,elegant|classic,office|events,cold|mild,work|formal,Court Block Heel designed for office and events with a elegant and classic look across cold and mild conditions.,low_stock
P283,Court Block Heel,footwear,Luna Vale,268.3,beige|black,11|10|6|7|8,casual|sport,events|commute,cold|cool,casual|formal,Court Block Heel designed for events and commute with a casual and sport look across cold and cool conditions.,in_stock
P284,Court Block Heel,footwear,Fjord Loom,269.23,charcoal|cream|stone|plum,7|8|11|9|6,casual|classic,commute|travel,cool|all-season,special occasion|casual,Court Block Heel designed for commute and travel with a casual and classic look across cool and all-season conditions.,in_stock
P285,Pointed Slingback Heel,footwear,Luna Vale,109.47,charcoal|camel,9|8|11|10|6,sport|elegant,errands|events,cold|mild,special occasion|work,Pointed Slingback Heel designed for errands and events with a sport and elegant look across cold and mild conditions.,in_stock
P286,Pointed Slingback Heel,footwear,Atelier Nine,353.26,ivory|taupe,9|10|8|7|11,elegant|casual,office|errands,all-season|cold,casual|formal,Pointed Slingback Heel designed for office and errands with a elegant and casual look across all-season and cold conditions.,in_stock
P287,Chunky Trainer,footwear,Aster Lane,273.66,black|white|lavender,6|9|11|8,casual|elegant,errands|office,cool|cold,formal|casual,Chunky Trainer designed for errands and office with a casual and elegant look across cool and cold conditions.,in_stock
P288,Pointed Slingback Heel,footwear,Atelier Nine,83.08,taupe|beige|sage,9|10|7|6,classic|sport,office|errands,mild|cold,special occasion|casual,Pointed Slingback Heel designed for office and errands with a classic and sport look across mild and cold conditions.,in_stock
P289,Pointed Slingback Heel,footwear,Harbor & Co,181.29,camel|ivory|berry,8|11|7|9,casual|classic,travel|errands,cool|cold,special occasion|work,Pointed Slingback Heel designed for travel and errands with a casual and classic look across cool and cold conditions.,in_stock
P290,Chunky Trainer,footwear,Atelier Nine,66.33,camel|black|mauve,10|8|9|6,sport|casual,commute|events,all-season|cool,casual|formal,Chunky Trainer designed for commute and events with a sport and casual look across all-season and cool conditions.,in_stock
P291,Ankle Strap Sandal,footwear,North Thread,230.54,taupe|white,9|11|6|8,elegant|classic,office|errands,mild|cold,work|casual,Ankle Strap Sandal designed for office and errands with a elegant and classic look across mild and cold conditions.,in_stock
P292,Chunky Trainer,footwear,MoveWell,112.4,black|ivory|lavender,9|7|8|11,sport|casual,office|errands,mild|cold,special occasion|formal,Chunky Trainer designed for office and errands with a sport and casual look across mild and cold conditions.,in_stock
P293,Pointed Slingback Heel,footwear,Axis Studio,217.4,white|black,6|11|8|10|7,casual|classic,commute|travel,all-season|cold,casual|formal,Pointed Slingback Heel designed for commute and travel with a casual and classic look across all-season and cold conditions.,in_stock
P294,Pointed Slingback Heel,footwear,Willow Standard,349.83,ivory|white,7|11|6|9,casual|classic,commute|errands,cool|cold,work|special occasion,Pointed Slingback Heel designed for commute and errands with a casual and classic look across cool and cold conditions.,in_stock
P295,Ankle Strap Sandal,footwear,Velvet Row,94.26,navy|cream|blush|mustard,8|7|6|11,classic|sport,commute|events,cold|mild,special occasion|work,Ankle Strap Sandal designed for commute and events with a classic and sport look across cold and mild conditions.,in_stock
P296,Minimal Leather Loafer,footwear,Aster Lane,340.88,ivory|cream|cobalt,6|11|7|10,elegant|classic,errands|travel,cool|mild,formal|special occasion,Minimal Leather Loafer designed for errands and travel with a elegant and classic look across cool and mild conditions.,in_stock
P297,Ankle Strap Sandal,footwear,North Thread,258.84,ivory|beige|sage,8|9|6|11|10,classic|casual,events|commute,cold|all-season,casual|special occasion,Ankle Strap Sandal designed for events and commute with a classic and casual look across cold and all-season conditions.,in_stock
P298,Ankle Strap Sandal,footwear,Willow Standard,112.31,black|charcoal|sage,6|8|10|11,sport|classic,office|errands,mild|all-season,work|formal,Ankle Strap Sandal designed for office and errands with a sport and classic look across mild and all-season conditions.,in_stock
P299,Ankle Strap Sandal,footwear,Velvet Row,191.2,black|camel|mauve|forest,7|6|8|10|9,classic|elegant,errands|travel,all-season|mild,work|casual,Ankle Strap Sandal designed for errands and travel with a classic and elegant look across all-season and mild conditions.,in_stock
P300,Minimal Leather Loafer,footwear,Rose Harbor,288.94,ivory|beige,8|7|11|6|9,casual|classic,travel|commute,all-season|cool,special occasion|work,Minimal Leather Loafer designed for travel and commute with a casual and classic look across all-season and cool conditions.,in_stock
P301,Court Block Heel,footwear,Urban Form,242.89,ivory|cream,6|9|10|11,sport|classic,office|commute,all-season|cold,casual|work,Court Block Heel designed for office and commute with a sport and classic look across all-season and cold conditions.,in_stock
P302,Ankle Strap Sandal,footwear,Luna Vale,68.02,camel|ivory|sand,11|10|6|7|8,sport|elegant,commute|errands,all-season|mild,work|formal,Ankle Strap Sandal designed for commute and errands with a sport and elegant look across all-season and mild conditions.,in_stock
P303,Pointed Slingback Heel,footwear,Aster Lane,210.93,white|camel,7|9|6|11|8,classic|elegant,errands|travel,cold|all-season,special occasion|formal,Pointed Slingback Heel designed for errands and travel with a classic and elegant look across cold and all-season conditions.,in_stock
P304,Pointed Slingback Heel,footwear,Axis Studio,193.42,black|taupe|sage,11|10|7|8|6,elegant|sport,commute|office,mild|all-season,special occasion|casual,Pointed Slingback Heel designed for commute and office with a elegant and sport look across mild and all-season conditions.,in_stock
P305,Minimal Leather Loafer,footwear,Fjord Loom,373.91,taupe|navy|sage,10|6|9|8,classic|elegant,travel|office,cold|cool,special occasion|casual,Minimal Leather Loafer designed for travel and office with a classic and elegant look across cold and cool conditions.,in_stock
P306,Court Block Heel,footwear,Axis Studio,201.89,cream|charcoal|lavender,11|6|7|9|10,casual|classic,travel|office,mild|all-season,casual|special occasion,Court Block Heel designed for travel and office with a casual and classic look across mild and all-season conditions.,in_stock
P307,Pointed Slingback Heel,footwear,Axis Studio,190.37,taupe|charcoal,9|8|11|7,casual|classic,travel|commute,mild|all-season,formal|casual,Pointed Slingback Heel designed for travel and commute with a casual and classic look across mild and all-season conditions.,in_stock
P308,Court Block Heel,footwear,Rose Harbor,203.85,cream|beige|sky,8|7|11|6,sport|classic,office|commute,cool|all-season,formal|casual,Court Block Heel designed for office and commute with a sport and classic look across cool and all-season conditions.,low_stock
P309,Minimal Leather Loafer,footwear,Urban Form,132.32,charcoal|cream|sage,8|10|7|9,elegant|classic,travel|events,mild|cold,formal|casual,Minimal Leather Loafer designed for travel and events with a elegant and classic look across mild and cold conditions.,in_stock
P310,Ankle Strap Sandal,footwear,Willow Standard,304.77,black|cream|emerald,8|7|6|11|10,elegant|classic,office|travel,all-season|cool,work|formal,Ankle Strap Sandal designed for office and travel with a elegant and classic look across all-season and cool conditions.,in_stock
P311,Ankle Strap Sandal,footwear,Blue Peak,199.94,white|camel|stone,8|6|7|11,classic|sport,travel|commute,mild|cold,special occasion|formal,Ankle Strap Sandal designed for travel and commute with a classic and sport look across mild and cold conditions.,in_stock
P312,Layered Chain Necklace,accessory,Luna Vale,256.2,taupe|navy|mauve,one-size,classic|elegant,travel|events,mild|cool,travel|special occasion,Layered Chain Necklace designed for travel and events with a classic and elegant look across mild and cool conditions.,in_stock
P313,Silk Neck Scarf,accessory,MoveWell,209.24,white|cream|mauve,one-size,classic|elegant,errands|travel,all-season|mild,special occasion|travel,Silk Neck Scarf designed for errands and travel with a classic and elegant look across all-season and mild conditions.,in_stock
P314,Layered Chain Necklace,accessory,Velvet Row,37.19,cream|ivory|pearl,one-size,elegant|classic,office|errands,mild|cool,travel|work,Layered Chain Necklace designed for office and errands with a elegant and classic look across mild and cool conditions.,in_stock
P315,Oversized Sunglasses,accessory,Luna Vale,233.93,cream|beige|mauve|plum,one-size,classic|elegant,errands|events,cool|mild,work|special occasion,Oversized Sunglasses designed for errands and events with a classic and elegant look across cool and mild conditions.,in_stock
P316,Oversized Sunglasses,accessory,Urban Form,147.89,camel|beige,one-size,elegant|minimal,office|errands,mild|cool,work|travel,Oversized Sunglasses designed for office and errands with a elegant and minimal look across mild and cool conditions.,in_stock
P317,Silk Neck Scarf,accessory,Sole Muse,153.26,cream|taupe|sand,one-size,elegant|minimal,events|office,cool|all-season,work|travel,Silk Neck Scarf designed for events and office with a elegant and minimal look across cool and all-season conditions.,in_stock
P318,Statement Hoop Set,accessory,Luna Vale,95.36,taupe|beige|stone|forest,one-size,elegant|minimal,travel|events,all-season|cool,special occasion|work,Statement Hoop Set designed for travel and events with a elegant and minimal look across all-season and cool conditions.,in_stock
P319,Slim Leather Belt,accessory,Aster Lane,55.61,ivory|navy,one-size,classic|elegant,errands|travel,mild|all-season,work|special occasion,Slim Leather Belt designed for errands and travel with a classic and elegant look across mild and all-season conditions.,in_stock
P320,Layered Chain Necklace,accessory,Atelier Nine,128.51,charcoal|taupe|sand|teal,one-size,minimal|elegant,travel|office,mild|cool,travel|special occasion,Layered Chain Necklace designed for travel and office with a minimal and elegant look across mild and cool conditions.,in_stock
P321,Slim Leather Belt,accessory,Fjord Loom,242.77,white|navy|mauve,one-size,minimal|elegant,events|office,all-season|cool,work|travel,Slim Leather Belt designed for events and office with a minimal and elegant look across all-season and cool conditions.,in_stock
P322,Silk Neck Scarf,accessory,MoveWell,48.03,white|navy,one-size,elegant|minimal,errands|office,mild|all-season,work|travel,Silk Neck Scarf designed for errands and office with a elegant and minimal look across mild and all-season conditions.,in_stock
P323,Slim Leather Belt,accessory,Urban Form,194.36,ivory|white|blush,one-size,minimal|elegant,travel|events,mild|cool,travel|work,Slim Leather Belt designed for travel and events with a minimal and elegant look across mild and cool conditions.,in_stock
P324,Slim Leather Belt,accessory,Axis Studio,64.66,white|cream,one-size,elegant|minimal,office|errands,cool|mild,travel|work,Slim Leather Belt designed for office and errands with a elegant and minimal look across cool and mild conditions.,in_stock
P325,Oversized Sunglasses,accessory,MoveWell,153.71,taupe|beige|forest,one-size,classic|minimal,events|office,mild|all-season,special occasion|work,Oversized Sunglasses designed for events and office with a classic and minimal look across mild and all-season conditions.,in_stock
P326,Oversized Sunglasses,accessory,Atelier Nine,120.04,white|charcoal,one-size,classic|elegant,errands|office,cool|mild,travel|special occasion,Oversized Sunglasses designed for errands and office with a classic and elegant look across cool and mild conditions.,in_stock
P327,Silk Neck Scarf,accessory,Willow Standard,194.74,cream|white|lavender,one-size,classic|elegant,office|errands,all-season|mild,travel|work,Silk Neck Scarf designed for office and errands with a classic and elegant look across all-season and mild conditions.,in_stock
P328,Layered Chain Necklace,accessory,Harbor & Co,51.92,camel|charcoal|sky,one-size,classic|elegant,events|errands,cool|mild,special occasion|travel,Layered Chain Necklace designed for events and errands with a classic and elegant look across cool and mild conditions.,in_stock
P329,Silk Neck Scarf,accessory,Atelier Nine,85.18,cream|camel,one-size,classic|minimal,travel|office,all-season|cool,work|travel,Silk Neck Scarf designed for travel and office with a classic and minimal look across all-season and cool conditions.,in_stock
P330,Statement Hoop Set,accessory,Atelier Nine,217.64,navy|black|mustard,one-size,elegant|classic,errands|office,mild|cool,travel|special occasion,Statement Hoop Set designed for errands and office with a elegant and classic look across mild and cool conditions.,in_stock
P331,Silk Neck Scarf,accessory,Harbor & Co,137.03,cream|charcoal|sand,one-size,classic|elegant,errands|office,all-season|cool,special occasion|travel,Silk Neck Scarf designed for errands and office with a classic and elegant look across all-season and cool conditions.,low_stock
P332,Oversized Sunglasses,accessory,Atelier Nine,167.9,camel|taupe,one-size,classic|elegant,errands|events,all-season|cool,travel|special occasion,Oversized Sunglasses designed for errands and events with a classic and elegant look across all-season and cool conditions.,in_stock
P333,Silk Neck Scarf,accessory,Aster Lane,173.52,camel|taupe,one-size,minimal|classic,events|errands,cool|all-season,special occasion|travel,Silk Neck Scarf designed for events and errands with a minimal and classic look across cool and all-season conditions.,in_stock
P334,Silk Neck Scarf,accessory,Blue Peak,84.38,navy|taupe|pearl,one-size,elegant|classic,office|events,all-season|mild,work|travel,Silk Neck Scarf designed for office and events with a elegant and classic look across all-season and mild conditions.,in_stock
P335,Oversized Sunglasses,accessory,EverField,25.3,white|ivory|stone|plum,one-size,classic|minimal,events|travel,cool|mild,travel|work,Oversized Sunglasses designed for events and travel with a classic and minimal look across cool and mild conditions.,in_stock
P336,Soft Hobo Bag,bag,Verve Line,132.63,white|navy,one-size,elegant|minimal,commute|events,mild|all-season,travel|special occasion,Soft Hobo Bag designed for commute and events with a elegant and minimal look across mild and all-season conditions.,in_stock
P337,Commuter Tote Bag,bag,Willow Standard,213.76,camel|beige,one-size,classic|minimal,travel|events,mild|all-season,special occasion|travel,Commuter Tote Bag designed for travel and events with a classic and minimal look across mild and all-season conditions.,in_stock
P338,Commuter Tote Bag,bag,Urban Form,377.12,black|ivory|sky,one-size,elegant|minimal,events|office,mild|all-season,special occasion|travel,Commuter Tote Bag designed for events and office with a elegant and minimal look across mild and all-season conditions.,low_stock
P339,Soft Hobo Bag,bag,Verve Line,207.69,white|cream|lavender,one-size,minimal|elegant,events|commute,mild|all-season,travel|work,Soft Hobo Bag designed for events and commute with a minimal and elegant look across mild and all-season conditions.,in_stock
P340,Soft Hobo Bag,bag,Rose Harbor,234.74,beige|cream|berry,one-size,classic|elegant,office|events,all-season|mild,work|special occasion,Soft Hobo Bag designed for office and events with a classic and elegant look across all-season and mild conditions.,in_stock
P341,Structured Shoulder Bag,bag,Luna Vale,369.45,cream|ivory|sage,one-size,minimal|classic,travel|office,mild|all-season,special occasion|work,Structured Shoulder Bag designed for travel and office with a minimal and classic look across mild and all-season conditions.,in_stock
P342,Commuter Tote Bag,bag,EverField,238.72,ivory|cream|lavender,one-size,minimal|elegant,office|commute,mild|all-season,special occasion|work,Commuter Tote Bag designed for office and commute with a minimal and elegant look across mild and all-season conditions.,low_stock
P343,Top-Handle Satchel,bag,Verve Line,151.55,ivory|beige,one-size,elegant|minimal,events|travel,mild|all-season,travel|special occasion,Top-Handle Satchel designed for events and travel with a elegant and minimal look across mild and all-season conditions.,in_stock
P344,Soft Hobo Bag,bag,Willow Standard,317.64,taupe|white|lavender,one-size,classic|minimal,office|travel,all-season|mild,travel|special occasion,Soft Hobo Bag designed for office and travel with a classic and minimal look across all-season and mild conditions.,in_stock
P345,Top-Handle Satchel,bag,Aster Lane,387.52,taupe|camel,one-size,classic|elegant,travel|office,all-season|mild,work|special occasion,Top-Handle Satchel designed for travel and office with a classic and elegant look across all-season and mild conditions.,low_stock
P346,Structured Shoulder Bag,bag,Willow Standard,229.59,navy|taupe|blush,one-size,classic|elegant,events|office,all-season|mild,special occasion|work,Structured Shoulder Bag designed for events and office with a classic and elegant look across all-season and mild conditions.,in_stock
P347,Mini Crossbody Bag,bag,Rose Harbor,344.77,ivory|cream,one-size,minimal|elegant,events|office,mild|all-season,special occasion|work,Mini Crossbody Bag designed for events and office with a minimal and elegant look across mild and all-season conditions.,in_stock
P348,Soft Hobo Bag,bag,Rose Harbor,232.21,cream|camel,one-size,elegant|minimal,travel|office,mild|all-season,work|special occasion,Soft Hobo Bag designed for travel and office with a elegant and minimal look across mild and all-season conditions.,in_stock
P349,Commuter Tote Bag,bag,Blue Peak,67.46,camel|beige|stone|teal,one-size,minimal|elegant,office|commute,all-season|mild,special occasion|work,Commuter Tote Bag designed for office and commute with a minimal and elegant look across all-season and mild conditions.,in_stock
P350,Structured Shoulder Bag,bag,Verve Line,338.41,camel|cream|lavender,one-size,classic|elegant,office|events,all-season|mild,travel|special occasion,Structured Shoulder Bag designed for office and events with a classic and elegant look across all-season and mild conditions.,in_stock
P351,Soft Hobo Bag,bag,MoveWell,210.6,taupe|charcoal|mauve|forest,one-size,classic|minimal,office|commute,mild|all-season,special occasion|travel,Soft Hobo Bag designed for office and commute with a classic and minimal look across mild and all-season conditions.,low_stock
P352,Top-Handle Satchel,bag,MoveWell,316.8,charcoal|taupe,one-size,elegant|classic,travel|office,all-season|mild,work|travel,Top-Handle Satchel designed for travel and office with a elegant and classic look across all-season and mild conditions.,low_stock
P353,Commuter Tote Bag,bag,Luna Vale,61.93,beige|cream|stone,one-size,elegant|classic,travel|commute,mild|all-season,special occasion|work,Commuter Tote Bag designed for travel and commute with a elegant and classic look across mild and all-season conditions.,in_stock
P354,Mini Crossbody Bag,bag,North Thread,174.23,beige|taupe,one-size,elegant|classic,commute|events,all-season|mild,work|special occasion,Mini Crossbody Bag designed for commute and events with a elegant and classic look across all-season and mild conditions.,in_stock
P355,Soft Hobo Bag,bag,EverField,246.11,cream|black|blush,one-size,classic|minimal,travel|events,mild|all-season,special occasion|travel,Soft Hobo Bag designed for travel and events with a classic and minimal look across mild and all-season conditions.,in_stock
P356,Mini Crossbody Bag,bag,Rose Harbor,217.11,cream|white|lavender,one-size,classic|minimal,events|commute,mild|all-season,travel|work,Mini Crossbody Bag designed for events and commute with a classic and minimal look across mild and all-season conditions.,in_stock
P357,Mini Crossbody Bag,bag,Urban Form,329.98,white|taupe|sage,one-size,classic|minimal,office|travel,all-season|mild,work|special occasion,Mini Crossbody Bag designed for office and travel with a classic and minimal look across all-season and mild conditions.,in_stock
P358,Commuter Tote Bag,bag,Atelier Nine,361.31,black|taupe,one-size,minimal|elegant,office|commute,mild|all-season,special occasion|travel,Commuter Tote Bag designed for office and commute with a minimal and elegant look across mild and all-season conditions.,in_stock
P359,Top-Handle Satchel,bag,Velvet Row,401.07,camel|white|sky,one-size,elegant|minimal,commute|office,mild|all-season,work|special occasion,Top-Handle Satchel designed for commute and office with a elegant and minimal look across mild and all-season conditions.,in_stock
P360,Top-Handle Satchel,bag,North Thread,67.38,camel|beige,one-size,minimal|elegant,events|commute,mild|all-season,work|travel,Top-Handle Satchel designed for events and commute with a minimal and elegant look across mild and all-season conditions.,in_stock
P361,A-Line Cotton Skirt,skirt,Atelier Nine,197.25,camel|white|stone,L|XL|S|M,classic|minimal,weekend|events,warm|mild,brunch|work,A-Line Cotton Skirt designed for weekend and events with a classic and minimal look across warm and mild conditions.,in_stock
P362,Bias Satin Skirt,skirt,Fjord Loom,216.48,black|white,M|L|S|XS,minimal|elegant,office|weekend,all-season|mild,work|brunch,Bias Satin Skirt designed for office and weekend with a minimal and elegant look across all-season and mild conditions.,in_stock
P363,Wrap Linen Skirt,skirt,Verve Line,115.54,beige|taupe,XL|M|S|L|XS,feminine|minimal,weekend|events,warm|all-season,brunch|work,Wrap Linen Skirt designed for weekend and events with a feminine and minimal look across warm and all-season conditions.,in_stock
P364,Denim Column Skirt,skirt,EverField,101.56,charcoal|navy,S|XL|XS|L,feminine|elegant,weekend|office,warm|mild,work|special occasion,Denim Column Skirt designed for weekend and office with a feminine and elegant look across warm and mild conditions.,in_stock
P365,Wrap Linen Skirt,skirt,Willow Standard,94.05,cream|ivory|lavender|berry,L|M|XS|XL|S,feminine|minimal,office|weekend,all-season|warm,work|special occasion,Wrap Linen Skirt designed for office and weekend with a feminine and minimal look across all-season and warm conditions.,in_stock
P366,Bias Satin Skirt,skirt,Willow Standard,117.27,camel|black|sage,S|XL|M|L,minimal|elegant,office|events,all-season|warm,work|brunch,Bias Satin Skirt designed for office and events with a minimal and elegant look across all-season and warm conditions.,in_stock
P367,Denim Column Skirt,skirt,Verve Line,200.48,camel|charcoal|stone,XS|L|S|M|XL,elegant|classic,office|weekend,mild|all-season,special occasion|work,Denim Column Skirt designed for office and weekend with a elegant and classic look across mild and all-season conditions.,in_stock
P368,Denim Column Skirt,skirt,Aster Lane,66.46,camel|navy,L|M|S|XS,elegant|classic,weekend|events,all-season|mild,work|brunch,Denim Column Skirt designed for weekend and events with a elegant and classic look across all-season and mild conditions.,in_stock
P369,A-Line Cotton Skirt,skirt,Willow Standard,190.95,charcoal|beige|blush,XL|S|L|XS,minimal|feminine,office|weekend,warm|mild,work|brunch,A-Line Cotton Skirt designed for office and weekend with a minimal and feminine look across warm and mild conditions.,low_stock
P370,A-Line Cotton Skirt,skirt,EverField,104.62,taupe|black,S|XS|L|XL,minimal|feminine,weekend|office,warm|all-season,brunch|special occasion,A-Line Cotton Skirt designed for weekend and office with a minimal and feminine look across warm and all-season conditions.,low_stock
P371,Bias Satin Skirt,skirt,Atelier Nine,172.75,navy|charcoal|forest,L|XS|XL|M|S,feminine|minimal,weekend|office,warm|mild,work|brunch,Bias Satin Skirt designed for weekend and office with a feminine and minimal look across warm and mild conditions.,in_stock
P372,A-Line Cotton Skirt,skirt,Fjord Loom,58.98,ivory|cream,L|XL|XS|M,minimal|elegant,events|office,warm|mild,brunch|special occasion,A-Line Cotton Skirt designed for events and office with a minimal and elegant look across warm and mild conditions.,in_stock
P373,Bias Satin Skirt,skirt,Fjord Loom,191.34,cream|camel|blush,L|XL|M|S|XS,minimal|feminine,office|weekend,warm|mild,brunch|special occasion,Bias Satin Skirt designed for office and weekend with a minimal and feminine look across warm and mild conditions.,low_stock
P374,Bias Satin Skirt,skirt,Luna Vale,225.66,charcoal|taupe,L|XL|M|S|XS,classic|feminine,events|office,all-season|mild,brunch|work,Bias Satin Skirt designed for events and office with a classic and feminine look across all-season and mild conditions.,low_stock
P375,Denim Column Skirt,skirt,MoveWell,206.79,navy|beige|sand,XS|M|S|XL,classic|feminine,office|events,all-season|mild,special occasion|work,Denim Column Skirt designed for office and events with a classic and feminine look across all-season and mild conditions.,in_stock
P376,Wrap Linen Skirt,skirt,Atelier Nine,177.74,beige|cream,M|XL|XS|L|S,minimal|elegant,weekend|office,mild|all-season,work|special occasion,Wrap Linen Skirt designed for weekend and office with a minimal and elegant look across mild and all-season conditions.,in_stock
P377,Bias Satin Skirt,skirt,Atelier Nine,98.93,white|taupe,M|L|XS|XL,minimal|elegant,office|weekend,warm|mild,work|brunch,Bias Satin Skirt designed for office and weekend with a minimal and elegant look across warm and mild conditions.,in_stock
P378,Wrap Linen Skirt,skirt,Harbor & Co,205.04,charcoal|navy|sky,L|XL|M|S|XS,elegant|feminine,weekend|office,mild|all-season,work|special occasion,Wrap Linen Skirt designed for weekend and office with a elegant and feminine look across mild and all-season conditions.,in_stock
P379,A-Line Cotton Skirt,skirt,Atelier Nine,152.31,cream|navy,XS|XL|S|M|L,elegant|feminine,events|weekend,mild|all-season,brunch|special occasion,A-Line Cotton Skirt designed for events and weekend with a elegant and feminine look across mild and all-season conditions.,in_stock
P380,A-Line Cotton Skirt,skirt,Axis Studio,77.04,cream|navy|mauve,XS|XL|M|S|L,feminine|elegant,events|weekend,all-season|mild,brunch|special occasion,A-Line Cotton Skirt designed for events and weekend with a feminine and elegant look across all-season and mild conditions.,in_stock
P381,Denim Column Skirt,skirt,Fjord Loom,203.94,black|beige|teal,XS|L|S|XL|M,classic|minimal,office|events,all-season|mild,special occasion|work,Denim Column Skirt designed for office and events with a classic and minimal look across all-season and mild conditions.,in_stock
P382,Bias Satin Skirt,skirt,Luna Vale,221.67,black|charcoal|mustard,L|XS|XL|M,feminine|elegant,office|weekend,all-season|mild,work|brunch,Bias Satin Skirt designed for office and weekend with a feminine and elegant look across all-season and mild conditions.,in_stock
P383,Bias Satin Skirt,skirt,Verve Line,39.69,cream|black,L|M|XS|XL|S,elegant|minimal,office|weekend,mild|warm,work|brunch,Bias Satin Skirt designed for office and weekend with a elegant and minimal look across mild and warm conditions.,low_stock
P384,Pleated Midi Skirt,skirt,Luna Vale,93.11,navy|camel,M|S|L|XL,classic|elegant,office|weekend,warm|all-season,special occasion|work,Pleated Midi Skirt designed for office and weekend with a classic and elegant look across warm and all-season conditions.,in_stock
P385,A-Line Cotton Skirt,skirt,Rose Harbor,142.86,navy|ivory|cobalt,L|XS|S|XL,feminine|elegant,weekend|office,warm|all-season,brunch|special occasion,A-Line Cotton Skirt designed for weekend and office with a feminine and elegant look across warm and all-season conditions.,in_stock
P386,Bias Satin Skirt,skirt,Verve Line,222.46,ivory|beige|sage,XS|XL|S|M|L,feminine|minimal,events|weekend,all-season|mild,special occasion|brunch,Bias Satin Skirt designed for events and weekend with a feminine and minimal look across all-season and mild conditions.,low_stock
P387,Denim Column Skirt,skirt,Atelier Nine,196.95,taupe|black|emerald,L|S|M|XL|XS,classic|minimal,events|weekend,warm|mild,brunch|work,Denim Column Skirt designed for events and weekend with a classic and minimal look across warm and mild conditions.,in_stock
P388,Wrap Linen Skirt,skirt,Willow Standard,35.83,taupe|camel,S|L|M|XL,minimal|classic,office|weekend,all-season|warm,special occasion|brunch,Wrap Linen Skirt designed for office and weekend with a minimal and classic look across all-season and warm conditions.,in_stock
P389,Bias Satin Skirt,skirt,Aster Lane,59.33,ivory|navy,S|L|XS|M|XL,classic|minimal,weekend|events,warm|all-season,special occasion|brunch,Bias Satin Skirt designed for weekend and events with a classic and minimal look across warm and all-season conditions.,in_stock
P390,Pleated Midi Skirt,skirt,EverField,131.1,cream|white|lavender,XS|S|M|L,feminine|elegant,weekend|events,warm|all-season,special occasion|work,Pleated Midi Skirt designed for weekend and events with a feminine and elegant look across warm and all-season conditions.,in_stock
P391,Merino Turtleneck Knit,knitwear,MoveWell,227.25,navy|charcoal|blush,XL|M|L|S,cozy|casual,weekend|remote-work,cold|mild,work|travel,Merino Turtleneck Knit designed for weekend and remote-work with a cozy and casual look across cold and mild conditions.,in_stock
P392,Cropped Cable Sweater,knitwear,Luna Vale,104.76,ivory|navy|sand|teal,XL|L|S|XS|M,casual|classic,remote-work|weekend,mild|cool,travel|work,Cropped Cable Sweater designed for remote-work and weekend with a casual and classic look across mild and cool conditions.,low_stock
P393,Fine Gauge Cardigan,knitwear,Willow Standard,137.87,charcoal|white,XL|M|S|XS,cozy|casual,remote-work|office,cool|cold,travel|casual,Fine Gauge Cardigan designed for remote-work and office with a cozy and casual look across cool and cold conditions.,low_stock
P394,Fine Gauge Cardigan,knitwear,Luna Vale,242.09,beige|camel|pearl,M|XS|L|XL|S,cozy|casual,weekend|office,cool|mild,travel|casual,Fine Gauge Cardigan designed for weekend and office with a cozy and casual look across cool and mild conditions.,in_stock
P395,Cozy Shawl Cardigan,knitwear,Aster Lane,142.48,ivory|cream,L|XS|S|XL|M,minimal|classic,remote-work|weekend,cool|mild,travel|casual,Cozy Shawl Cardigan designed for remote-work and weekend with a minimal and classic look across cool and mild conditions.,in_stock
P396,Buttoned Knit Vest,knitwear,Willow Standard,200.79,beige|taupe|blush,S|XL|XS|M|L,casual|classic,weekend|office,mild|cold,work|casual,Buttoned Knit Vest designed for weekend and office with a casual and classic look across mild and cold conditions.,in_stock
P397,Cropped Cable Sweater,knitwear,Luna Vale,96.04,taupe|navy,L|M|XS|XL,casual|cozy,office|remote-work,mild|cold,travel|work,Cropped Cable Sweater designed for office and remote-work with a casual and cozy look across mild and cold conditions.,in_stock
P398,Cropped Cable Sweater,knitwear,Atelier Nine,142.67,camel|ivory|blush,L|S|XS|M,casual|classic,weekend|remote-work,cool|cold,travel|work,Cropped Cable Sweater designed for weekend and remote-work with a casual and classic look across cool and cold conditions.,in_stock
P399,Fine Gauge Cardigan,knitwear,Sole Muse,51.45,cream|taupe,S|M|XL|XS,minimal|cozy,remote-work|weekend,cool|cold,casual|travel,Fine Gauge Cardigan designed for remote-work and weekend with a minimal and cozy look across cool and cold conditions.,low_stock
P400,Cropped Cable Sweater,knitwear,Aster Lane,82.86,navy|camel|cobalt,XS|XL|M|L|S,cozy|casual,remote-work|office,cold|cool,work|travel,Cropped Cable Sweater designed for remote-work and office with a cozy and casual look across cold and cool conditions.,in_stock
P401,Cropped Cable Sweater,knitwear,MoveWell,86.21,beige|cream,M|XL|L|S|XS,cozy|minimal,weekend|remote-work,mild|cold,casual|work,Cropped Cable Sweater designed for weekend and remote-work with a cozy and minimal look across mild and cold conditions.,in_stock
P402,Buttoned Knit Vest,knitwear,MoveWell,201.37,charcoal|navy|pearl,XL|XS|L|S|M,classic|minimal,office|remote-work,cold|mild,travel|work,Buttoned Knit Vest designed for office and remote-work with a classic and minimal look across cold and mild conditions.,in_stock
P403,Cozy Shawl Cardigan,knitwear,Luna Vale,89.55,white|beige|stone,L|S|XL|XS,minimal|casual,office|remote-work,cold|mild,travel|casual,Cozy Shawl Cardigan designed for office and remote-work with a minimal and casual look across cold and mild conditions.,in_stock
P404,Fine Gauge Cardigan,knitwear,Rose Harbor,155.14,white|taupe,L|XL|S|M|XS,minimal|casual,office|weekend,cold|cool,casual|work,Fine Gauge Cardigan designed for office and weekend with a minimal and casual look across cold and cool conditions.,in_stock
P405,Cozy Shawl Cardigan,knitwear,North Thread,213.96,beige|ivory,XS|XL|L|S,cozy|minimal,remote-work|office,cool|cold,work|travel,Cozy Shawl Cardigan designed for remote-work and office with a cozy and minimal look across cool and cold conditions.,in_stock
P406,Cozy Shawl Cardigan,knitwear,EverField,46.83,navy|charcoal,M|XL|S|L|XS,classic|minimal,weekend|remote-work,cold|cool,casual|travel,Cozy Shawl Cardigan designed for weekend and remote-work with a classic and minimal look across cold and cool conditions.,in_stock
P407,Fine Gauge Cardigan,knitwear,Velvet Row,226.85,camel|navy,L|S|XL|M|XS,minimal|cozy,weekend|remote-work,cold|cool,work|travel,Fine Gauge Cardigan designed for weekend and remote-work with a minimal and cozy look across cold and cool conditions.,in_stock
P408,Cozy Shawl Cardigan,knitwear,Axis Studio,115.11,ivory|charcoal|mauve,XL|XS|L|M,minimal|classic,weekend|office,cold|cool,work|casual,Cozy Shawl Cardigan designed for weekend and office with a minimal and classic look across cold and cool conditions.,in_stock
P409,Merino Turtleneck Knit,knitwear,North Thread,81.86,taupe|black|pearl,XS|L|XL|M,casual|cozy,office|weekend,cool|mild,work|casual,Merino Turtleneck Knit designed for office and weekend with a casual and cozy look across cool and mild conditions.,in_stock
P410,Fine Gauge Cardigan,knitwear,Fjord Loom,160.34,charcoal|beige|sky,XS|L|XL|M|S,minimal|casual,weekend|office,cool|cold,travel|casual,Fine Gauge Cardigan designed for weekend and office with a minimal and casual look across cool and cold conditions.,in_stock
P411,Buttoned Knit Vest,knitwear,Blue Peak,158.06,cream|camel|sky,L|XL|M|XS|S,minimal|classic,office|weekend,mild|cold,work|casual,Buttoned Knit Vest designed for office and weekend with a minimal and classic look across mild and cold conditions.,in_stock
P412,Fine Gauge Cardigan,knitwear,Harbor & Co,195.21,white|navy|stone,S|XL|L|M,cozy|minimal,weekend|remote-work,cold|mild,travel|casual,Fine Gauge Cardigan designed for weekend and remote-work with a cozy and minimal look across cold and mild conditions.,low_stock
P413,Cropped Cable Sweater,knitwear,EverField,89.59,cream|taupe,L|XS|XL|S,classic|casual,weekend|office,cool|cold,casual|travel,Cropped Cable Sweater designed for weekend and office with a classic and casual look across cool and cold conditions.,in_stock
P414,Buttoned Knit Vest,knitwear,North Thread,62.75,black|beige|stone|emerald,L|S|XL|M,casual|cozy,remote-work|weekend,cool|cold,casual|work,Buttoned Knit Vest designed for remote-work and weekend with a casual and cozy look across cool and cold conditions.,in_stock
P415,Cozy Shawl Cardigan,knitwear,MoveWell,140.04,ivory|navy|pearl|emerald,XL|XS|S|M,classic|cozy,weekend|remote-work,cool|cold,casual|travel,Cozy Shawl Cardigan designed for weekend and remote-work with a classic and cozy look across cool and cold conditions.,in_stock
P416,Merino Turtleneck Knit,knitwear,MoveWell,191.19,navy|camel|ruby,S|XS|M|L,casual|cozy,office|remote-work,cold|mild,travel|casual,Merino Turtleneck Knit designed for office and remote-work with a casual and cozy look across cold and mild conditions.,in_stock
P417,Fine Gauge Cardigan,knitwear,Sole Muse,114.52,ivory|camel|mauve,L|M|XS|S,casual|classic,remote-work|weekend,mild|cold,travel|work,Fine Gauge Cardigan designed for remote-work and weekend with a casual and classic look across mild and cold conditions.,in_stock
P418,Fine Gauge Cardigan,knitwear,Urban Form,99.17,charcoal|camel|lavender,XL|M|L|S,casual|classic,remote-work|office,mild|cold,casual|work,Fine Gauge Cardigan designed for remote-work and office with a casual and classic look across mild and cold conditions.,in_stock
P419,Fine Gauge Cardigan,knitwear,Blue Peak,49.56,camel|ivory,M|S|XL|L,casual|minimal,remote-work|weekend,cool|cold,work|travel,Fine Gauge Cardigan designed for remote-work and weekend with a casual and minimal look across cool and cold conditions.,in_stock
P420,Cozy Shawl Cardigan,knitwear,Rose Harbor,203.94,ivory|navy,S|M|XL|XS|L,minimal|cozy,remote-work|office,cold|cool,casual|travel,Cozy Shawl Cardigan designed for remote-work and office with a minimal and cozy look across cold and cool conditions.,low_stock
P421,Breathable Run Short,activewear,Urban Form,93.57,white|camel,XS|L|XL|M,sport|minimal,errands|gym,warm|cool,travel|active,Breathable Run Short designed for errands and gym with a sport and minimal look across warm and cool conditions.,in_stock
P422,Zip-Front Track Jacket,activewear,Blue Peak,90.72,charcoal|camel|pearl,M|XL|L|S,minimal|sport,travel|errands,warm|mild,casual|travel,Zip-Front Track Jacket designed for travel and errands with a minimal and sport look across warm and mild conditions.,in_stock
P423,Supportive Sports Bra,activewear,Aster Lane,143.1,cream|charcoal|lavender|forest,XS|M|L|XL|S,casual|minimal,weekend|errands,mild|cool,casual|travel,Supportive Sports Bra designed for weekend and errands with a casual and minimal look across mild and cool conditions.,in_stock
P424,Supportive Sports Bra,activewear,Harbor & Co,168.48,taupe|charcoal,M|L|S|XL|XS,casual|sport,gym|errands,cool|warm,active|casual,Supportive Sports Bra designed for gym and errands with a casual and sport look across cool and warm conditions.,low_stock
P425,Seamless Sculpt Legging,activewear,Harbor & Co,168.61,cream|black|sage,S|L|XS|XL,minimal|sport,errands|weekend,cool|mild,travel|active,Seamless Sculpt Legging designed for errands and weekend with a minimal and sport look across cool and mild conditions.,in_stock
P426,Supportive Sports Bra,activewear,Harbor & Co,134.44,white|navy,XL|S|L|XS,casual|minimal,travel|weekend,cool|mild,travel|casual,Supportive Sports Bra designed for travel and weekend with a casual and minimal look across cool and mild conditions.,in_stock
P427,Breathable Run Short,activewear,Fjord Loom,66.7,camel|cream|sky,L|M|XS|XL,casual|sport,gym|weekend,cool|mild,travel|casual,Breathable Run Short designed for gym and weekend with a casual and sport look across cool and mild conditions.,in_stock
P428,Zip-Front Track Jacket,activewear,Willow Standard,53.21,cream|white|pearl|teal,L|S|XS|M,sport|minimal,errands|weekend,mild|cool,travel|active,Zip-Front Track Jacket designed for errands and weekend with a sport and minimal look across mild and cool conditions.,in_stock
P429,Breathable Run Short,activewear,Aster Lane,115.78,charcoal|taupe,L|XS|XL|M|S,sport|minimal,gym|weekend,cool|warm,casual|travel,Breathable Run Short designed for gym and weekend with a sport and minimal look across cool and warm conditions.,low_stock
P430,Breathable Run Short,activewear,Velvet Row,151.61,white|beige,L|XL|M|XS|S,casual|sport,gym|errands,cool|mild,travel|active,Breathable Run Short designed for gym and errands with a casual and sport look across cool and mild conditions.,in_stock
P431,Zip-Front Track Jacket,activewear,Sole Muse,95.05,ivory|charcoal|sage,XL|L|M|XS|S,minimal|casual,gym|travel,mild|warm,travel|casual,Zip-Front Track Jacket designed for gym and travel with a minimal and casual look across mild and warm conditions.,in_stock
P432,Supportive Sports Bra,activewear,Atelier Nine,138.81,charcoal|ivory|sky,XL|S|M|XS|L,sport|casual,gym|errands,cool|mild,active|casual,Supportive Sports Bra designed for gym and errands with a sport and casual look across cool and mild conditions.,low_stock
P433,Seamless Sculpt Legging,activewear,Atelier Nine,92.41,taupe|ivory,S|M|XL|L,sport|casual,weekend|travel,warm|cool,travel|casual,Seamless Sculpt Legging designed for weekend and travel with a sport and casual look across warm and cool conditions.,in_stock
P434,Relaxed Training Tee,activewear,North Thread,124.82,white|taupe|stone,L|XL|XS|M|S,sport|casual,gym|weekend,warm|mild,travel|active,Relaxed Training Tee designed for gym and weekend with a sport and casual look across warm and mild conditions.,in_stock
P435,Relaxed Training Tee,activewear,Aster Lane,73.17,beige|ivory|mauve|plum,L|XL|S|M,minimal|sport,errands|gym,mild|warm,travel|casual,Relaxed Training Tee designed for errands and gym with a minimal and sport look across mild and warm conditions.,in_stock
P436,Zip-Front Track Jacket,activewear,Luna Vale,117.83,ivory|black,XL|XS|S|M|L,casual|minimal,weekend|gym,mild|warm,travel|active,Zip-Front Track Jacket designed for weekend and gym with a casual and minimal look across mild and warm conditions.,in_stock
P437,Supportive Sports Bra,activewear,Harbor & Co,71.36,ivory|camel|stone,XS|L|S|M,minimal|casual,travel|errands,mild|warm,travel|casual,Supportive Sports Bra designed for travel and errands with a minimal and casual look across mild and warm conditions.,in_stock
P438,Relaxed Training Tee,activewear,Luna Vale,156.72,black|taupe,L|S|M|XS|XL,minimal|casual,travel|gym,warm|cool,travel|active,Relaxed Training Tee designed for travel and gym with a minimal and casual look across warm and cool conditions.,in_stock
P439,Zip-Front Track Jacket,activewear,Harbor & Co,172.31,camel|ivory|lavender,S|XS|L|XL|M,sport|minimal,gym|travel,cool|mild,travel|casual,Zip-Front Track Jacket designed for gym and travel with a sport and minimal look across cool and mild conditions.,low_stock
P440,Breathable Run Short,activewear,Urban Form,126.18,navy|ivory|mauve,XS|L|M|S|XL,minimal|casual,travel|gym,warm|cool,active|travel,Breathable Run Short designed for travel and gym with a minimal and casual look across warm and cool conditions.,in_stock
P441,Seamless Sculpt Legging,activewear,Urban Form,84.51,navy|white,M|S|XS|L|XL,minimal|sport,weekend|travel,warm|mild,travel|casual,Seamless Sculpt Legging designed for weekend and travel with a minimal and sport look across warm and mild conditions.,in_stock
P442,Seamless Sculpt Legging,activewear,Urban Form,158.61,black|white,XS|L|S|XL,sport|minimal,errands|travel,warm|cool,travel|casual,Seamless Sculpt Legging designed for errands and travel with a sport and minimal look across warm and cool conditions.,in_stock
P443,Breathable Run Short,activewear,Urban Form,90.57,navy|ivory,S|M|XS|XL,minimal|casual,errands|travel,mild|cool,travel|casual,Breathable Run Short designed for errands and travel with a minimal and casual look across mild and cool conditions.,in_stock
P444,Seamless Sculpt Legging,activewear,Blue Peak,30.69,cream|camel|sand,M|S|XS|XL,minimal|casual,travel|gym,cool|mild,active|casual,Seamless Sculpt Legging designed for travel and gym with a minimal and casual look across cool and mild conditions.,in_stock
P445,Zip-Front Track Jacket,activewear,MoveWell,35.94,white|camel|sage,S|M|L|XS|XL,sport|casual,weekend|errands,warm|cool,active|casual,Zip-Front Track Jacket designed for weekend and errands with a sport and casual look across warm and cool conditions.,in_stock
P446,Wide-Leg Evening Jumpsuit,jumpsuit,EverField,102.31,taupe|beige,M|XS|L|S,smart-casual|elegant,events|office,mild|warm,travel|special occasion,Wide-Leg Evening Jumpsuit designed for events and office with a smart-casual and elegant look across mild and warm conditions.,in_stock
P447,Tailored Utility Jumpsuit,jumpsuit,Urban Form,146.09,beige|black,S|M|L|XL|XS,minimal|smart-casual,travel|events,all-season|mild,travel|dinner,Tailored Utility Jumpsuit designed for travel and events with a minimal and smart-casual look across all-season and mild conditions.,in_stock
P448,Wide-Leg Evening Jumpsuit,jumpsuit,Blue Peak,237.94,camel|taupe,L|S|XL|M|XS,minimal|elegant,travel|office,all-season|mild,special occasion|dinner,Wide-Leg Evening Jumpsuit designed for travel and office with a minimal and elegant look across all-season and mild conditions.,low_stock
P449,Tailored Utility Jumpsuit,jumpsuit,Blue Peak,305.94,navy|white|lavender,XL|XS|L|S,minimal|elegant,events|travel,all-season|mild,special occasion|travel,Tailored Utility Jumpsuit designed for events and travel with a minimal and elegant look across all-season and mild conditions.,in_stock
P450,Tailored Utility Jumpsuit,jumpsuit,Verve Line,244.16,camel|charcoal|stone,S|XS|M|XL|L,minimal|smart-casual,events|office,warm|mild,travel|special occasion,Tailored Utility Jumpsuit designed for events and office with a minimal and smart-casual look across warm and mild conditions.,low_stock
P451,Wide-Leg Evening Jumpsuit,jumpsuit,Blue Peak,277.09,charcoal|black|mauve,M|XL|S|L,elegant|smart-casual,events|travel,mild|warm,travel|dinner,Wide-Leg Evening Jumpsuit designed for events and travel with a elegant and smart-casual look across mild and warm conditions.,low_stock
P452,Wide-Leg Evening Jumpsuit,jumpsuit,Atelier Nine,66.31,black|cream,L|M|XS|XL,elegant|minimal,events|office,all-season|mild,special occasion|dinner,Wide-Leg Evening Jumpsuit designed for events and office with a elegant and minimal look across all-season and mild conditions.,low_stock
P453,Minimal Zip Jumpsuit,jumpsuit,Harbor & Co,160.45,ivory|white|blush|mustard,L|S|M|XL|XS,elegant|minimal,events|office,warm|all-season,dinner|special occasion,Minimal Zip Jumpsuit designed for events and office with a elegant and minimal look across warm and all-season conditions.,low_stock
P454,Wide-Leg Evening Jumpsuit,jumpsuit,Luna Vale,105.88,white|black|stone,L|M|XS|S,elegant|minimal,office|events,warm|all-season,travel|special occasion,Wide-Leg Evening Jumpsuit designed for office and events with a elegant and minimal look across warm and all-season conditions.,in_stock
P455,Sleeveless Belted Jumpsuit,jumpsuit,Luna Vale,237.97,white|beige,L|XS|S|M|XL,elegant|minimal,events|travel,mild|all-season,travel|dinner,Sleeveless Belted Jumpsuit designed for events and travel with a elegant and minimal look across mild and all-season conditions.,in_stock
P456,Minimal Zip Jumpsuit,jumpsuit,MoveWell,185.84,ivory|white,XL|S|XS|M,smart-casual|minimal,events|travel,mild|warm,dinner|travel,Minimal Zip Jumpsuit designed for events and travel with a smart-casual and minimal look across mild and warm conditions.,in_stock
P457,Draped Wrap Jumpsuit,jumpsuit,Axis Studio,243.54,taupe|camel|blush|emerald,S|M|XL|L,smart-casual|elegant,office|events,warm|mild,special occasion|travel,Draped Wrap Jumpsuit designed for office and events with a smart-casual and elegant look across warm and mild conditions.,in_stock
P458,Tailored Utility Jumpsuit,jumpsuit,Velvet Row,119.05,cream|taupe|stone,M|XS|S|L|XL,elegant|minimal,travel|office,mild|all-season,travel|dinner,Tailored Utility Jumpsuit designed for travel and office with a elegant and minimal look across mild and all-season conditions.,in_stock
P459,Draped Wrap Jumpsuit,jumpsuit,Sole Muse,125.75,taupe|beige,S|L|XS|M|XL,minimal|smart-casual,events|office,mild|warm,dinner|travel,Draped Wrap Jumpsuit designed for events and office with a minimal and smart-casual look across mild and warm conditions.,low_stock
P460,Sleeveless Belted Jumpsuit,jumpsuit,Fjord Loom,76.17,navy|black|sand,L|M|XL|S,elegant|minimal,office|events,warm|mild,special occasion|travel,Sleeveless Belted Jumpsuit designed for office and events with a elegant and minimal look across warm and mild conditions.,in_stock
P461,Ribbed Lounge Pant,loungewear,Axis Studio,35.91,black|cream,S|L|XL|XS,cozy|casual,vacation|weekend,cold|cool,travel|casual,Ribbed Lounge Pant designed for vacation and weekend with a cozy and casual look across cold and cool conditions.,in_stock
P462,Soft Lounge Set,loungewear,Rose Harbor,95.5,beige|black,M|S|L|XL|XS,cozy|minimal,remote-work|vacation,cool|mild,casual|travel,Soft Lounge Set designed for remote-work and vacation with a cozy and minimal look across cool and mild conditions.,low_stock
P463,Ribbed Lounge Pant,loungewear,Atelier Nine,30.18,beige|cream|blush,XL|M|S|XS|L,minimal|cozy,weekend|vacation,cool|mild,casual|travel,Ribbed Lounge Pant designed for weekend and vacation with a minimal and cozy look across cool and mild conditions.,in_stock
P464,Cloud Jersey Jogger,loungewear,Atelier Nine,123.94,charcoal|white|mauve|cobalt,M|S|L|XS|XL,casual|cozy,vacation|weekend,mild|cool,casual|travel,Cloud Jersey Jogger designed for vacation and weekend with a casual and cozy look across mild and cool conditions.,in_stock
P465,Ribbed Lounge Pant,loungewear,Willow Standard,152.64,camel|white|emerald,M|XS|S|L,cozy|casual,vacation|remote-work,mild|cold,casual|travel,Ribbed Lounge Pant designed for vacation and remote-work with a cozy and casual look across mild and cold conditions.,in_stock
P466,Cloud Jersey Jogger,loungewear,Atelier Nine,79.12,taupe|white|mauve,XS|XL|M|L,cozy|minimal,remote-work|weekend,mild|cold,casual|travel,Cloud Jersey Jogger designed for remote-work and weekend with a cozy and minimal look across mild and cold conditions.,in_stock
P467,Waffle Knit Sleep Top,loungewear,Urban Form,69.96,black|ivory|sky,S|XL|XS|L|M,cozy|minimal,remote-work|weekend,mild|cool,casual|travel,Waffle Knit Sleep Top designed for remote-work and weekend with a cozy and minimal look across mild and cool conditions.,low_stock
P468,Relaxed Hoodie Set,loungewear,Blue Peak,149.82,white|black|forest,XS|L|XL|M|S,cozy|casual,weekend|remote-work,cold|cool,casual|travel,Relaxed Hoodie Set designed for weekend and remote-work with a cozy and casual look across cold and cool conditions.,low_stock
P469,Cloud Jersey Jogger,loungewear,Urban Form,118.33,cream|taupe|mauve,M|XL|S|XS,casual|minimal,vacation|weekend,cool|mild,casual|travel,Cloud Jersey Jogger designed for vacation and weekend with a casual and minimal look across cool and mild conditions.,in_stock
P470,Waffle Knit Sleep Top,loungewear,North Thread,44.71,taupe|cream,M|S|XS|L|XL,cozy|casual,weekend|vacation,cool|cold,travel|casual,Waffle Knit Sleep Top designed for weekend and vacation with a cozy and casual look across cool and cold conditions.,in_stock
P471,Ribbed Lounge Pant,loungewear,Harbor & Co,84.43,black|taupe,XL|L|M|XS|S,cozy|casual,vacation|remote-work,cold|mild,casual|travel,Ribbed Lounge Pant designed for vacation and remote-work with a cozy and casual look across cold and mild conditions.,in_stock
P472,Soft Lounge Set,loungewear,Luna Vale,148.48,black|camel|sage,S|M|XL|XS|L,cozy|minimal,remote-work|vacation,cold|mild,casual|travel,Soft Lounge Set designed for remote-work and vacation with a cozy and minimal look across cold and mild conditions.,in_stock
P473,High-Waist Bikini Set,swimwear,Willow Standard,129.68,navy|beige|stone,XS|S|L|XL,casual|sport,vacation|weekend,mild|warm,casual|travel,High-Waist Bikini Set designed for vacation and weekend with a casual and sport look across mild and warm conditions.,in_stock
P474,High-Waist Bikini Set,swimwear,Axis Studio,38.91,cream|beige,XS|S|M|XL,casual|feminine,travel|weekend,mild|warm,special occasion|casual,High-Waist Bikini Set designed for travel and weekend with a casual and feminine look across mild and warm conditions.,in_stock
P475,Ribbed One-Piece Swimsuit,swimwear,MoveWell,75.05,camel|ivory|sage|forest,S|L|XS|M,sport|feminine,travel|weekend,mild|warm,casual|special occasion,Ribbed One-Piece Swimsuit designed for travel and weekend with a sport and feminine look across mild and warm conditions.,in_stock
P476,High-Waist Bikini Set,swimwear,Blue Peak,60.28,black|charcoal|stone|plum,XS|S|M|XL,feminine|casual,weekend|vacation,warm|mild,travel|casual,High-Waist Bikini Set designed for weekend and vacation with a feminine and casual look across warm and mild conditions.,low_stock
P477,High-Waist Bikini Set,swimwear,Sole Muse,118.96,black|beige|mauve|teal,XL|S|L|M|XS,casual|sport,travel|weekend,warm|mild,casual|travel,High-Waist Bikini Set designed for travel and weekend with a casual and sport look across warm and mild conditions.,in_stock
P478,Ribbed One-Piece Swimsuit,swimwear,MoveWell,125.93,white|cream,S|M|XL|XS,feminine|sport,travel|weekend,warm|mild,casual|special occasion,Ribbed One-Piece Swimsuit designed for travel and weekend with a feminine and sport look across warm and mild conditions.,low_stock
P479,High-Waist Bikini Set,swimwear,Aster Lane,42.83,white|cream,XL|XS|S|L|M,feminine|casual,travel|vacation,warm|mild,special occasion|travel,High-Waist Bikini Set designed for travel and vacation with a feminine and casual look across warm and mild conditions.,in_stock
P480,Sport Swim Top,swimwear,EverField,120.39,camel|charcoal|blush,S|XS|M|XL|L,feminine|sport,travel|weekend,warm|mild,travel|special occasion,Sport Swim Top designed for travel and weekend with a feminine and sport look across warm and mild conditions.,in_stock
P481,High-Waist Bikini Set,swimwear,Blue Peak,112.47,charcoal|navy|sky,S|XS|XL|M,casual|feminine,vacation|weekend,mild|warm,special occasion|casual,High-Waist Bikini Set designed for vacation and weekend with a casual and feminine look across mild and warm conditions.,in_stock
P482,Sport Swim Top,swimwear,Verve Line,49.93,cream|ivory|blush,XS|M|S|L|XL,sport|feminine,vacation|travel,mild|warm,special occasion|casual,Sport Swim Top designed for vacation and travel with a sport and feminine look across mild and warm conditions.,low_stock
P483,Sport Swim Top,swimwear,Luna Vale,142.06,white|beige,L|XL|XS|M|S,casual|feminine,travel|weekend,warm|mild,casual|special occasion,Sport Swim Top designed for travel and weekend with a casual and feminine look across warm and mild conditions.,in_stock
P484,Sport Swim Top,swimwear,MoveWell,108.71,camel|taupe,S|XS|L|XL|M,feminine|casual,vacation|travel,mild|warm,travel|casual,Sport Swim Top designed for vacation and travel with a feminine and casual look across mild and warm conditions.,low_stock
P485,Embellished Evening Gown,occasionwear,MoveWell,151.12,cream|charcoal,M|XL|XS|L,feminine|elegant,dinner|travel,mild|cool,dinner|formal,Embellished Evening Gown designed for dinner and travel with a feminine and elegant look across mild and cool conditions.,low_stock
P486,Embellished Evening Gown,occasionwear,MoveWell,418.28,beige|white,L|S|M|XL,elegant|feminine,events|travel,all-season|mild,dinner|special occasion,Embellished Evening Gown designed for events and travel with a elegant and feminine look across all-season and mild conditions.,in_stock
P487,Corset Maxi Dress,occasionwear,Verve Line,284.15,camel|beige,XL|L|M|S|XS,elegant|feminine,dinner|travel,mild|all-season,special occasion|dinner,Corset Maxi Dress designed for dinner and travel with a elegant and feminine look across mild and all-season conditions.,in_stock
P488,Embellished Evening Gown,occasionwear,North Thread,442.38,camel|ivory|mauve,XS|XL|M|S,elegant|feminine,travel|events,all-season|cool,special occasion|formal,Embellished Evening Gown designed for travel and events with a elegant and feminine look across all-season and cool conditions.,in_stock
P489,Embellished Evening Gown,occasionwear,MoveWell,462.54,black|camel|blush|forest,M|L|S|XL,elegant|feminine,events|dinner,cool|all-season,dinner|special occasion,Embellished Evening Gown designed for events and dinner with a elegant and feminine look across cool and all-season conditions.,in_stock
P490,Draped Cocktail Dress,occasionwear,Velvet Row,254.04,camel|ivory|sky,S|L|XS|XL|M,classic|feminine,events|dinner,all-season|mild,dinner|special occasion,Draped Cocktail Dress designed for events and dinner with a classic and feminine look across all-season and mild conditions.,in_stock
P491,Draped Cocktail Dress,occasionwear,Harbor & Co,457.21,black|cream,XL|S|L|XS|M,elegant|classic,dinner|events,all-season|mild,formal|special occasion,Draped Cocktail Dress designed for dinner and events with a elegant and classic look across all-season and mild conditions.,in_stock
P492,Sequin Column Dress,occasionwear,Urban Form,215.89,white|navy|sage|plum,M|S|XL|XS,classic|feminine,dinner|events,cool|mild,formal|special occasion,Sequin Column Dress designed for dinner and events with a classic and feminine look across cool and mild conditions.,in_stock
P493,Structured Work Dress,workwear,Urban Form,120.62,taupe|charcoal|emerald,M|S|L|XS|XL,smart-casual|classic,office|business-travel,all-season|mild,work|formal,Structured Work Dress designed for office and business-travel with a smart-casual and classic look across all-season and mild conditions.,in_stock
P494,Pencil Work Skirt,workwear,Luna Vale,128.68,cream|ivory|ruby,M|L|XL|XS|S,minimal|classic,office|commute,all-season|mild,dinner|work,Pencil Work Skirt designed for office and commute with a minimal and classic look across all-season and mild conditions.,in_stock
P495,Sharp Office Blazer,workwear,Velvet Row,135.73,beige|cream|sand,S|M|XL|L,smart-casual|minimal,business-travel|commute,cool|all-season,formal|dinner,Sharp Office Blazer designed for business-travel and commute with a smart-casual and minimal look across cool and all-season conditions.,low_stock
P496,Sharp Office Blazer,workwear,Axis Studio,144.67,taupe|white|blush,L|XL|S|M,minimal|classic,business-travel|office,all-season|cool,formal|work,Sharp Office Blazer designed for business-travel and office with a minimal and classic look across all-season and cool conditions.,in_stock
P497,Structured Work Dress,workwear,Verve Line,186.85,taupe|white|blush,L|XS|XL|M|S,classic|smart-casual,business-travel|office,mild|all-season,dinner|formal,Structured Work Dress designed for business-travel and office with a classic and smart-casual look across mild and all-season conditions.,in_stock
P498,Pencil Work Skirt,workwear,Rose Harbor,277.26,camel|taupe|emerald,S|XS|XL|M|L,minimal|smart-casual,office|business-travel,all-season|mild,dinner|formal,Pencil Work Skirt designed for office and business-travel with a minimal and smart-casual look across all-season and mild conditions.,in_stock
P499,Tailored Work Trouser,workwear,Willow Standard,105.44,black|charcoal|pearl|emerald,L|XS|XL|S|M,minimal|classic,commute|business-travel,mild|all-season,formal|work,Tailored Work Trouser designed for commute and business-travel with a minimal and classic look across mild and all-season conditions.,in_stock
P500,Structured Work Dress,workwear,Aster Lane,112.92,charcoal|navy,L|M|S|XL,classic|minimal,office|business-travel,cool|mild,formal|dinner,Structured Work Dress designed for office and business-travel with a classic and minimal look across cool and mild conditions.,in_stock
